mean_fit_time,std_fit_time,mean_score_time,std_score_time,param_batch_size,param_dropout,param_epochs,param_hidden_dim,param_input_dim,param_learning_rate,param_output_dim,param_weight_decay,params,Picohttpparser_test_score,CSimpleJSONParser_test_score,Benoitc_HTTP_test_score,CParserXML_test_score,cJSON_test_score,YACC_Calculator_test_score,ELF_Parser_test_score,Network_Packet_Analyzer_test_score,Packcc_test_score,PCAP_Parser_test_score,mean_test_score,std_test_score,rank_test_score
11.09398455619812,1.3643712158716825,0.15991904735565185,0.14671823103343362,32,0,10,16,1,0.1,2,0.0,"{'batch_size': 32, 'dropout': 0, 'epochs': 10, 'hidden_dim': 16, 'input_dim': 1, 'learning_rate': 0.1, 'output_dim': 2, 'weight_decay': 0.0}",0.0,0.0,0.06315789473684211,0.0,0.0,0.8620689655172413,0.0,0.0,0.0,0.0,0.09252268602540833,0.25720562720943596,52
11.536590814590454,1.757622897567914,0.17214581966400147,0.14813879714099912,32,0,10,16,1,0.1,2,0.01,"{'batch_size': 32, 'dropout': 0, 'epochs': 10, 'hidden_dim': 16, 'input_dim': 1, 'learning_rate': 0.1, 'output_dim': 2, 'weight_decay': 0.01}",0.0,0.0,0.0,0.0,0.0,0.0,0.0,0.0,0.0,0.0,0.0,0.0,94
11.310269784927367,1.5243604197513618,0.18623218536376954,0.17028814572910647,32,0,10,16,1,0.01,2,0.0,"{'batch_size': 32, 'dropout': 0, 'epochs': 10, 'hidden_dim': 16, 'input_dim': 1, 'learning_rate': 0.01, 'output_dim': 2, 'weight_decay': 0.0}",0.0,0.0,0.0,0.0,0.0,0.0,0.0,0.0,0.0,0.0,0.0,0.0,94
11.527372932434082,1.7469464133733836,0.17931923866271973,0.14100921599330868,32,0,10,16,1,0.01,2,0.01,"{'batch_size': 32, 'dropout': 0, 'epochs': 10, 'hidden_dim': 16, 'input_dim': 1, 'learning_rate': 0.01, 'output_dim': 2, 'weight_decay': 0.01}",0.0,0.0,0.0,0.0,0.0,0.0,0.0,0.0,0.0,0.0,0.0,0.0,94
12.059374451637268,1.7750194533959875,0.22425496578216553,0.25645049246511814,32,0,10,32,1,0.1,2,0.0,"{'batch_size': 32, 'dropout': 0, 'epochs': 10, 'hidden_dim': 32, 'input_dim': 1, 'learning_rate': 0.1, 'output_dim': 2, 'weight_decay': 0.0}",0.0,0.0,0.0,0.0,0.0,0.0,0.0,0.0,0.44802867383512546,0.0,0.044802867383512544,0.13440860215053765,68
12.040448117256165,1.9635368690047847,0.19529325962066652,0.18016144240756057,32,0,10,32,1,0.1,2,0.01,"{'batch_size': 32, 'dropout': 0, 'epochs': 10, 'hidden_dim': 32, 'input_dim': 1, 'learning_rate': 0.1, 'output_dim': 2, 'weight_decay': 0.01}",0.0,0.0,0.0,0.0,0.0,0.0,0.0,0.0,0.0,0.0,0.0,0.0,94
12.197389101982116,1.6521332476999797,0.19322476387023926,0.19484535415459,32,0,10,32,1,0.01,2,0.0,"{'batch_size': 32, 'dropout': 0, 'epochs': 10, 'hidden_dim': 32, 'input_dim': 1, 'learning_rate': 0.01, 'output_dim': 2, 'weight_decay': 0.0}",0.0,0.0,0.0,0.0,0.0,0.0,0.0,0.0,0.0,0.0,0.0,0.0,94
12.811166620254516,1.84970107040821,0.19755215644836427,0.18421060950070586,32,0,10,32,1,0.01,2,0.01,"{'batch_size': 32, 'dropout': 0, 'epochs': 10, 'hidden_dim': 32, 'input_dim': 1, 'learning_rate': 0.01, 'output_dim': 2, 'weight_decay': 0.01}",0.0,0.0,0.0,0.0,0.0,0.0,0.0,0.0,0.0,0.0,0.0,0.0,94
14.3103511095047,2.333429580932011,0.19676294326782226,0.1980381678747641,32,0,10,64,1,0.1,2,0.0,"{'batch_size': 32, 'dropout': 0, 'epochs': 10, 'hidden_dim': 64, 'input_dim': 1, 'learning_rate': 0.1, 'output_dim': 2, 'weight_decay': 0.0}",0.3413173652694611,0.0,0.0,0.0,0.0,0.0,0.0,0.0,0.0,0.0,0.03413173652694611,0.10239520958083834,73
14.61534526348114,2.251540201227111,0.2204967737197876,0.23885651533471755,32,0,10,64,1,0.1,2,0.01,"{'batch_size': 32, 'dropout': 0, 'epochs': 10, 'hidden_dim': 64, 'input_dim': 1, 'learning_rate': 0.1, 'output_dim': 2, 'weight_decay': 0.01}",0.0,0.0,0.0,0.0,0.0,0.0,0.0,0.0,0.0,0.0,0.0,0.0,94
14.49385986328125,2.0785219486658226,0.2174524784088135,0.20792500403398753,32,0,10,64,1,0.01,2,0.0,"{'batch_size': 32, 'dropout': 0, 'epochs': 10, 'hidden_dim': 64, 'input_dim': 1, 'learning_rate': 0.01, 'output_dim': 2, 'weight_decay': 0.0}",0.0,0.0,0.0,0.0,0.0,0.0,0.0,0.0,0.0,0.0,0.0,0.0,94
14.903859210014343,2.38822838597736,0.23109719753265381,0.22068360892899597,32,0,10,64,1,0.01,2,0.01,"{'batch_size': 32, 'dropout': 0, 'epochs': 10, 'hidden_dim': 64, 'input_dim': 1, 'learning_rate': 0.01, 'output_dim': 2, 'weight_decay': 0.01}",0.0,0.0,0.0,0.0,0.0,0.0,0.0,0.0,0.0,0.0,0.0,0.0,94
23.202976250648497,2.8738308930762475,0.1893554925918579,0.18872545984782124,32,0,20,16,1,0.1,2,0.0,"{'batch_size': 32, 'dropout': 0, 'epochs': 20, 'hidden_dim': 16, 'input_dim': 1, 'learning_rate': 0.1, 'output_dim': 2, 'weight_decay': 0.0}",0.0,0.0,0.0,0.0,0.5461538461538461,0.0,0.0,0.0,0.13082437275985664,0.0,0.06769782189137027,0.16418559293929902,62
23.714581465721132,2.7097925596810244,0.22032251358032226,0.25799226841545114,32,0,20,16,1,0.1,2,0.01,"{'batch_size': 32, 'dropout': 0, 'epochs': 20, 'hidden_dim': 16, 'input_dim': 1, 'learning_rate': 0.1, 'output_dim': 2, 'weight_decay': 0.01}",0.0,0.0,0.0,0.0,0.0,0.0,0.0,0.0,0.0,0.0,0.0,0.0,94
23.433667492866515,3.396500199257868,0.1791076183319092,0.1670476540077594,32,0,20,16,1,0.01,2,0.0,"{'batch_size': 32, 'dropout': 0, 'epochs': 20, 'hidden_dim': 16, 'input_dim': 1, 'learning_rate': 0.01, 'output_dim': 2, 'weight_decay': 0.0}",0.25748502994011974,0.03804347826086957,0.0,0.0392156862745098,0.0,0.0,0.0,0.0,0.0,0.0,0.033474419447549905,0.07620915257232908,74
25.408180522918702,3.480005719119366,0.18812763690948486,0.16289849683838917,32,0,20,16,1,0.01,2,0.01,"{'batch_size': 32, 'dropout': 0, 'epochs': 20, 'hidden_dim': 16, 'input_dim': 1, 'learning_rate': 0.01, 'output_dim': 2, 'weight_decay': 0.01}",0.0,0.0,0.0,0.0,0.0,0.0,0.0,0.0,0.0,0.0,0.0,0.0,94
25.560768389701842,3.235255085358406,0.20942728519439696,0.16736305416967284,32,0,20,32,1,0.1,2,0.0,"{'batch_size': 32, 'dropout': 0, 'epochs': 20, 'hidden_dim': 32, 'input_dim': 1, 'learning_rate': 0.1, 'output_dim': 2, 'weight_decay': 0.0}",0.0,0.0,0.0,0.0,0.8884615384615384,0.5862068965517241,0.8427947598253275,0.0,0.005376344086021506,0.0,0.23228395389246118,0.3610783835673163,11
27.57249641418457,3.36623018663524,0.23809874057769775,0.2941882028717779,32,0,20,32,1,0.1,2,0.01,"{'batch_size': 32, 'dropout': 0, 'epochs': 20, 'hidden_dim': 32, 'input_dim': 1, 'learning_rate': 0.1, 'output_dim': 2, 'weight_decay': 0.01}",0.0,0.0,0.0,0.0,0.0,0.0,0.0,0.0,0.0,0.0,0.0,0.0,94
25.422262525558473,2.753875989394119,0.25918490886688234,0.3166078398970703,32,0,20,32,1,0.01,2,0.0,"{'batch_size': 32, 'dropout': 0, 'epochs': 20, 'hidden_dim': 32, 'input_dim': 1, 'learning_rate': 0.01, 'output_dim': 2, 'weight_decay': 0.0}",0.2754491017964072,0.5815217391304348,0.21052631578947367,0.08823529411764706,0.28076923076923077,0.6551724137931034,0.8209606986899564,0.0,0.12007168458781362,0.0,0.3032706478674067,0.2725603804528398,3
31.51895065307617,5.782996499345722,0.24197542667388916,0.2529050058983941,32,0,20,32,1,0.01,2,0.01,"{'batch_size': 32, 'dropout': 0, 'epochs': 20, 'hidden_dim': 32, 'input_dim': 1, 'learning_rate': 0.01, 'output_dim': 2, 'weight_decay': 0.01}",0.0,0.0,0.0,0.0,0.0,0.0,0.0,0.0,0.0,0.0,0.0,0.0,94
31.212670230865477,3.6666556727776456,0.2015207052230835,0.20262219036711043,32,0,20,64,1,0.1,2,0.0,"{'batch_size': 32, 'dropout': 0, 'epochs': 20, 'hidden_dim': 64, 'input_dim': 1, 'learning_rate': 0.1, 'output_dim': 2, 'weight_decay': 0.0}",0.3413173652694611,0.0,0.0,0.0,0.0,0.7931034482758621,0.0,0.0,0.4283154121863799,0.0,0.1562736225731703,0.26167733273948696,26
31.977049899101257,5.275713845080048,0.21157686710357665,0.2176320899313355,32,0,20,64,1,0.1,2,0.01,"{'batch_size': 32, 'dropout': 0, 'epochs': 20, 'hidden_dim': 64, 'input_dim': 1, 'learning_rate': 0.1, 'output_dim': 2, 'weight_decay': 0.01}",0.0,0.0,0.0,0.0,0.0,0.0,0.0,0.0,0.0,0.0,0.0,0.0,94
31.76457612514496,3.4982586911808022,0.20145764350891113,0.20372597513828397,32,0,20,64,1,0.01,2,0.0,"{'batch_size': 32, 'dropout': 0, 'epochs': 20, 'hidden_dim': 64, 'input_dim': 1, 'learning_rate': 0.01, 'output_dim': 2, 'weight_decay': 0.0}",0.27245508982035926,0.03260869565217391,0.0,0.0,0.5076923076923077,0.0,0.7161572052401747,0.0,0.07168458781362007,0.0,0.16005978862186354,0.24390060387415335,24
41.841921043396,7.332267583230228,0.27973577976226804,0.30758243523856504,32,0,20,64,1,0.01,2,0.01,"{'batch_size': 32, 'dropout': 0, 'epochs': 20, 'hidden_dim': 64, 'input_dim': 1, 'learning_rate': 0.01, 'output_dim': 2, 'weight_decay': 0.01}",0.0,0.0,0.0,0.0,0.0,0.0,0.0,0.0,0.0,0.0,0.0,0.0,94
48.78632500171661,5.840851073169824,0.21259491443634032,0.19524512745425796,32,0,40,16,1,0.1,2,0.0,"{'batch_size': 32, 'dropout': 0, 'epochs': 40, 'hidden_dim': 16, 'input_dim': 1, 'learning_rate': 0.1, 'output_dim': 2, 'weight_decay': 0.0}",0.0,0.04891304347826087,0.0,0.0,0.0,0.0,0.5458515283842795,0.0,0.4050179211469534,0.0,0.09997824930094938,0.19090033786746738,47
50.81213874816895,7.405660361420078,0.22199718952178954,0.2065924905320914,32,0,40,16,1,0.1,2,0.01,"{'batch_size': 32, 'dropout': 0, 'epochs': 40, 'hidden_dim': 16, 'input_dim': 1, 'learning_rate': 0.1, 'output_dim': 2, 'weight_decay': 0.01}",0.0,0.0,0.0,0.0,0.0,0.0,0.0,0.0,0.0,0.0,0.0,0.0,94
50.224619555473325,7.002023191025773,0.19196829795837403,0.18077004681296338,32,0,40,16,1,0.01,2,0.0,"{'batch_size': 32, 'dropout': 0, 'epochs': 40, 'hidden_dim': 16, 'input_dim': 1, 'learning_rate': 0.01, 'output_dim': 2, 'weight_decay': 0.0}",0.0748502994011976,0.059782608695652176,0.5789473684210527,0.06862745098039216,0.0,0.6896551724137931,0.42358078602620086,0.0,0.34767025089605735,0.0,0.22431139368343458,0.24936516179618742,13
62.945040225982666,7.286955203618962,0.22625486850738524,0.22477596343831588,32,0,40,16,1,0.01,2,0.01,"{'batch_size': 32, 'dropout': 0, 'epochs': 40, 'hidden_dim': 16, 'input_dim': 1, 'learning_rate': 0.01, 'output_dim': 2, 'weight_decay': 0.01}",0.0,0.0,0.0,0.0,0.0,0.0,0.0,0.0,0.0,0.0,0.0,0.0,94
56.72324628829956,9.424130135235142,0.24364862442016602,0.25089392406460637,32,0,40,32,1,0.1,2,0.0,"{'batch_size': 32, 'dropout': 0, 'epochs': 40, 'hidden_dim': 32, 'input_dim': 1, 'learning_rate': 0.1, 'output_dim': 2, 'weight_decay': 0.0}",0.0,0.6902173913043478,0.0,0.3627450980392157,0.0,0.8620689655172413,0.0,0.0,0.24910394265232974,0.0,0.21641353975131344,0.30738437290897336,14
59.0686193227768,8.673455322533409,0.2169259309768677,0.19511878949302394,32,0,40,32,1,0.1,2,0.01,"{'batch_size': 32, 'dropout': 0, 'epochs': 40, 'hidden_dim': 32, 'input_dim': 1, 'learning_rate': 0.1, 'output_dim': 2, 'weight_decay': 0.01}",0.0,0.0,0.0,0.0,0.0,0.0,0.0,0.0,0.0,0.0,0.0,0.0,94
58.12290246486664,9.464002260543046,0.228439998626709,0.21027362204367492,32,0,40,32,1,0.01,2,0.0,"{'batch_size': 32, 'dropout': 0, 'epochs': 40, 'hidden_dim': 32, 'input_dim': 1, 'learning_rate': 0.01, 'output_dim': 2, 'weight_decay': 0.0}",0.0,0.7119565217391305,0.2,0.0,0.038461538461538464,0.0,0.36681222707423583,0.0,0.546594982078853,0.0,0.18638252693537577,0.2518519802750201,21
83.41311364173889,13.19580286532734,0.30479142665863035,0.3136635029801885,32,0,40,32,1,0.01,2,0.01,"{'batch_size': 32, 'dropout': 0, 'epochs': 40, 'hidden_dim': 32, 'input_dim': 1, 'learning_rate': 0.01, 'output_dim': 2, 'weight_decay': 0.01}",0.0,0.0,0.0,0.0,0.0,0.0,0.0,0.0,0.0,0.0,0.0,0.0,94
71.08479557037353,10.557405059603536,0.24882373809814454,0.21164455643207936,32,0,40,64,1,0.1,2,0.0,"{'batch_size': 32, 'dropout': 0, 'epochs': 40, 'hidden_dim': 64, 'input_dim': 1, 'learning_rate': 0.1, 'output_dim': 2, 'weight_decay': 0.0}",0.0,0.0,0.0,0.0,0.0,0.0,0.0,0.17857142857142858,0.10752688172043011,0.21428571428571427,0.05003840245775729,0.08020581994858854,66
76.75006201267243,11.098341521525038,0.2590606212615967,0.2421113789482199,32,0,40,64,1,0.1,2,0.01,"{'batch_size': 32, 'dropout': 0, 'epochs': 40, 'hidden_dim': 64, 'input_dim': 1, 'learning_rate': 0.1, 'output_dim': 2, 'weight_decay': 0.01}",0.0,0.0,0.0,0.0,0.0,0.0,0.0,0.0,0.0,0.0,0.0,0.0,94
71.00222280025483,10.684781506698044,0.2739158868789673,0.291813675352746,32,0,40,64,1,0.01,2,0.0,"{'batch_size': 32, 'dropout': 0, 'epochs': 40, 'hidden_dim': 64, 'input_dim': 1, 'learning_rate': 0.01, 'output_dim': 2, 'weight_decay': 0.0}",0.0029940119760479044,0.19021739130434784,0.3368421052631579,0.10784313725490197,0.12307692307692308,0.1724137931034483,0.462882096069869,0.0,0.503584229390681,0.0,0.18998536874393773,0.17693821487321026,20
104.33755214214325,17.63073176019876,0.36604719161987304,0.485693022062547,32,0,40,64,1,0.01,2,0.01,"{'batch_size': 32, 'dropout': 0, 'epochs': 40, 'hidden_dim': 64, 'input_dim': 1, 'learning_rate': 0.01, 'output_dim': 2, 'weight_decay': 0.01}",0.0,0.0,0.0,0.0,0.0,0.0,0.0,0.0,0.0,0.0,0.0,0.0,94
16.154870915412904,2.5054234085869047,0.2428818702697754,0.2243614684377083,32,0.01,10,16,1,0.1,2,0.0,"{'batch_size': 32, 'dropout': 0.01, 'epochs': 10, 'hidden_dim': 16, 'input_dim': 1, 'learning_rate': 0.1, 'output_dim': 2, 'weight_decay': 0.0}",0.8652694610778443,0.0,0.0,0.0,0.0,0.0,0.1222707423580786,0.0,0.0,0.0,0.09875402034359229,0.2580925821038862,50
14.154661464691163,2.6007254399365007,0.18032643795013428,0.15720295461768902,32,0.01,10,16,1,0.1,2,0.01,"{'batch_size': 32, 'dropout': 0.01, 'epochs': 10, 'hidden_dim': 16, 'input_dim': 1, 'learning_rate': 0.1, 'output_dim': 2, 'weight_decay': 0.01}",0.0,0.0,0.0,0.0,0.0,0.0,0.0,0.0,0.0,0.0,0.0,0.0,94
12.632515263557433,1.9065450387940925,0.17671785354614258,0.1482666044147808,32,0.01,10,16,1,0.01,2,0.0,"{'batch_size': 32, 'dropout': 0.01, 'epochs': 10, 'hidden_dim': 16, 'input_dim': 1, 'learning_rate': 0.01, 'output_dim': 2, 'weight_decay': 0.0}",0.0,0.0,0.0,0.0,0.0,0.1724137931034483,0.0,0.0,0.0,0.0,0.017241379310344827,0.05172413793103448,78
13.287527203559875,1.6841089320081528,0.21515228748321533,0.22905232961383687,32,0.01,10,16,1,0.01,2,0.01,"{'batch_size': 32, 'dropout': 0.01, 'epochs': 10, 'hidden_dim': 16, 'input_dim': 1, 'learning_rate': 0.01, 'output_dim': 2, 'weight_decay': 0.01}",0.0,0.0,0.0,0.0,0.0,0.0,0.0,0.0,0.0,0.0,0.0,0.0,94
14.19077534675598,2.0444870875255896,0.17835712432861328,0.15446601688166475,32,0.01,10,32,1,0.1,2,0.0,"{'batch_size': 32, 'dropout': 0.01, 'epochs': 10, 'hidden_dim': 32, 'input_dim': 1, 'learning_rate': 0.1, 'output_dim': 2, 'weight_decay': 0.0}",0.0,0.03804347826086957,0.0,0.0,0.0,0.0,0.0,0.0,0.0,0.0,0.0038043478260869567,0.011413043478260871,89
13.287956261634827,1.788569130116136,0.18004906177520752,0.17801923565970126,32,0.01,10,32,1,0.1,2,0.01,"{'batch_size': 32, 'dropout': 0.01, 'epochs': 10, 'hidden_dim': 32, 'input_dim': 1, 'learning_rate': 0.1, 'output_dim': 2, 'weight_decay': 0.01}",0.0,0.0,0.0,0.0,0.0,0.0,0.0,0.0,0.0,0.0,0.0,0.0,94
13.154982137680054,1.2838270682906199,0.17674617767333983,0.15226785644304638,32,0.01,10,32,1,0.01,2,0.0,"{'batch_size': 32, 'dropout': 0.01, 'epochs': 10, 'hidden_dim': 32, 'input_dim': 1, 'learning_rate': 0.01, 'output_dim': 2, 'weight_decay': 0.0}",0.0,0.0,0.0,0.0,0.0,0.10344827586206896,0.0,0.0,0.0,0.0,0.010344827586206896,0.03103448275862069,81
13.407826328277588,1.9005551679792472,0.1955890417098999,0.1924690381358243,32,0.01,10,32,1,0.01,2,0.01,"{'batch_size': 32, 'dropout': 0.01, 'epochs': 10, 'hidden_dim': 32, 'input_dim': 1, 'learning_rate': 0.01, 'output_dim': 2, 'weight_decay': 0.01}",0.0,0.0,0.0,0.0,0.0,0.0,0.0,0.0,0.0,0.0,0.0,0.0,94
17.31589558124542,2.677340335289846,0.22551636695861815,0.22931049809441914,32,0.01,10,64,1,0.1,2,0.0,"{'batch_size': 32, 'dropout': 0.01, 'epochs': 10, 'hidden_dim': 64, 'input_dim': 1, 'learning_rate': 0.1, 'output_dim': 2, 'weight_decay': 0.0}",0.0,0.0,0.0,0.0,0.0,0.0,0.0,0.0,0.0,0.0,0.0,0.0,94
17.484816908836365,2.6612808063510753,0.2125486373901367,0.18510223906604642,32,0.01,10,64,1,0.1,2,0.01,"{'batch_size': 32, 'dropout': 0.01, 'epochs': 10, 'hidden_dim': 64, 'input_dim': 1, 'learning_rate': 0.1, 'output_dim': 2, 'weight_decay': 0.01}",0.0,0.0,0.0,0.0,0.0,0.0,0.0,0.0,0.0,0.0,0.0,0.0,94
16.95001928806305,2.8245125268800853,0.22196745872497559,0.21652564857572704,32,0.01,10,64,1,0.01,2,0.0,"{'batch_size': 32, 'dropout': 0.01, 'epochs': 10, 'hidden_dim': 64, 'input_dim': 1, 'learning_rate': 0.01, 'output_dim': 2, 'weight_decay': 0.0}",0.0,0.6304347826086957,0.0,0.0,0.0,0.0,0.3537117903930131,0.0,0.0,0.0,0.09841465730017088,0.2063263429789816,51
18.168326091766357,3.1158586354977182,0.2160132884979248,0.2150600030374324,32,0.01,10,64,1,0.01,2,0.01,"{'batch_size': 32, 'dropout': 0.01, 'epochs': 10, 'hidden_dim': 64, 'input_dim': 1, 'learning_rate': 0.01, 'output_dim': 2, 'weight_decay': 0.01}",0.0,0.0,0.0,0.0,0.0,0.0,0.0,0.0,0.0,0.0,0.0,0.0,94
24.642835116386415,3.201543729661707,0.16192786693572997,0.14859688181811115,32,0.01,20,16,1,0.1,2,0.0,"{'batch_size': 32, 'dropout': 0.01, 'epochs': 20, 'hidden_dim': 16, 'input_dim': 1, 'learning_rate': 0.1, 'output_dim': 2, 'weight_decay': 0.0}",0.0,0.0,0.3263157894736842,0.0196078431372549,0.0,0.0,0.3056768558951965,0.0,0.7150537634408602,0.0,0.13666542519469957,0.22909218720348345,32
24.307716155052184,2.959941732787609,0.17131693363189698,0.15035075853965393,32,0.01,20,16,1,0.1,2,0.01,"{'batch_size': 32, 'dropout': 0.01, 'epochs': 20, 'hidden_dim': 16, 'input_dim': 1, 'learning_rate': 0.1, 'output_dim': 2, 'weight_decay': 0.01}",0.0,0.0,0.0,0.0,0.0,0.0,0.0,0.0,0.0,0.0,0.0,0.0,94
25.075123071670532,2.670901864996431,0.17631909847259522,0.17389387398325154,32,0.01,20,16,1,0.01,2,0.0,"{'batch_size': 32, 'dropout': 0.01, 'epochs': 20, 'hidden_dim': 16, 'input_dim': 1, 'learning_rate': 0.01, 'output_dim': 2, 'weight_decay': 0.0}",0.11077844311377245,0.44021739130434784,0.06315789473684211,0.06862745098039216,0.0,0.0,0.45414847161572053,0.0,0.08243727598566308,0.0,0.1219366927736738,0.16706975491039391,37
27.918834376335145,3.809066432729833,0.23266518115997314,0.2457219827251812,32,0.01,20,16,1,0.01,2,0.01,"{'batch_size': 32, 'dropout': 0.01, 'epochs': 20, 'hidden_dim': 16, 'input_dim': 1, 'learning_rate': 0.01, 'output_dim': 2, 'weight_decay': 0.01}",0.0,0.0,0.0,0.0,0.0,0.0,0.0,0.0,0.0,0.0,0.0,0.0,94
28.703816890716553,3.1889415714884586,0.1924609899520874,0.16502645580843836,32,0.01,20,32,1,0.1,2,0.0,"{'batch_size': 32, 'dropout': 0.01, 'epochs': 20, 'hidden_dim': 32, 'input_dim': 1, 'learning_rate': 0.1, 'output_dim': 2, 'weight_decay': 0.0}",0.0,0.17391304347826086,0.0,0.11764705882352941,0.0,0.0,0.0,0.0,0.0,0.0,0.02915601023017903,0.05965387482492266,76
29.156497383117674,3.928119174890194,0.199202823638916,0.16871473793237074,32,0.01,20,32,1,0.1,2,0.01,"{'batch_size': 32, 'dropout': 0.01, 'epochs': 20, 'hidden_dim': 32, 'input_dim': 1, 'learning_rate': 0.1, 'output_dim': 2, 'weight_decay': 0.01}",0.0,0.0,0.0,0.0,0.0,0.0,0.0,0.0,0.0,0.0,0.0,0.0,94
28.16664800643921,4.254096252306563,0.19434075355529784,0.16029089929539073,32,0.01,20,32,1,0.01,2,0.0,"{'batch_size': 32, 'dropout': 0.01, 'epochs': 20, 'hidden_dim': 32, 'input_dim': 1, 'learning_rate': 0.01, 'output_dim': 2, 'weight_decay': 0.0}",0.0,0.5706521739130435,0.0,0.06862745098039216,0.015384615384615385,0.3448275862068966,0.0,0.0,0.0,0.0,0.09994918264849476,0.18697539680357256,48
34.68759210109711,4.7827569972126645,0.24249019622802734,0.23776188184167074,32,0.01,20,32,1,0.01,2,0.01,"{'batch_size': 32, 'dropout': 0.01, 'epochs': 20, 'hidden_dim': 32, 'input_dim': 1, 'learning_rate': 0.01, 'output_dim': 2, 'weight_decay': 0.01}",0.0,0.0,0.0,0.0,0.0,0.0,0.0,0.0,0.0,0.0,0.0,0.0,94
38.325115442276,6.0002691133669,0.2286475419998169,0.23812275293742807,32,0.01,20,64,1,0.1,2,0.0,"{'batch_size': 32, 'dropout': 0.01, 'epochs': 20, 'hidden_dim': 64, 'input_dim': 1, 'learning_rate': 0.1, 'output_dim': 2, 'weight_decay': 0.0}",0.0,0.0,0.0,0.0,0.0,0.0,0.0,0.6964285714285714,0.007168458781362007,0.21428571428571427,0.09178827444956476,0.21136026967857355,53
39.39652886390686,6.163938415258555,0.24349701404571533,0.22386410504652834,32,0.01,20,64,1,0.1,2,0.01,"{'batch_size': 32, 'dropout': 0.01, 'epochs': 20, 'hidden_dim': 64, 'input_dim': 1, 'learning_rate': 0.1, 'output_dim': 2, 'weight_decay': 0.01}",0.0,0.0,0.0,0.0,0.0,0.0,0.0,0.0,0.0,0.0,0.0,0.0,94
37.49111504554749,5.289970810817218,0.24271645545959472,0.23756007453732877,32,0.01,20,64,1,0.01,2,0.0,"{'batch_size': 32, 'dropout': 0.01, 'epochs': 20, 'hidden_dim': 64, 'input_dim': 1, 'learning_rate': 0.01, 'output_dim': 2, 'weight_decay': 0.0}",0.017964071856287425,0.2554347826086957,0.06315789473684211,0.0,0.0,0.13793103448275862,0.0,0.0,0.0,0.07142857142857142,0.05459163551131553,0.07992690418338916,64
49.95050055980683,9.065301317984055,0.32632646560668943,0.4002665191338612,32,0.01,20,64,1,0.01,2,0.01,"{'batch_size': 32, 'dropout': 0.01, 'epochs': 20, 'hidden_dim': 64, 'input_dim': 1, 'learning_rate': 0.01, 'output_dim': 2, 'weight_decay': 0.01}",0.0,0.0,0.0,0.0,0.0,0.0,0.0,0.0,0.0,0.0,0.0,0.0,94
54.27953698635101,6.9456763602513805,0.1996089458465576,0.19606082670812994,32,0.01,40,16,1,0.1,2,0.0,"{'batch_size': 32, 'dropout': 0.01, 'epochs': 40, 'hidden_dim': 16, 'input_dim': 1, 'learning_rate': 0.1, 'output_dim': 2, 'weight_decay': 0.0}",0.0,0.0,0.0,0.8235294117647058,0.0,0.5862068965517241,0.8209606986899564,0.0,0.8978494623655914,0.0,0.3128546469371978,0.390277983284738,2
54.548604893684384,7.003870273795142,0.20474648475646973,0.18491273848153586,32,0.01,40,16,1,0.1,2,0.01,"{'batch_size': 32, 'dropout': 0.01, 'epochs': 40, 'hidden_dim': 16, 'input_dim': 1, 'learning_rate': 0.1, 'output_dim': 2, 'weight_decay': 0.01}",0.0,0.0,0.0,0.0,0.0,0.0,0.0,0.0,0.0,0.0,0.0,0.0,94
54.022979617118835,8.436257573017318,0.20916223526000977,0.21313525048212897,32,0.01,40,16,1,0.01,2,0.0,"{'batch_size': 32, 'dropout': 0.01, 'epochs': 40, 'hidden_dim': 16, 'input_dim': 1, 'learning_rate': 0.01, 'output_dim': 2, 'weight_decay': 0.0}",0.20359281437125748,0.0,0.25263157894736843,0.11764705882352941,0.8423076923076923,1.0,0.13973799126637554,0.0,0.4731182795698925,0.0,0.30290354152861154,0.33977314279915805,4
64.50008983612061,8.93200003046125,0.2429720401763916,0.24080591823954514,32,0.01,40,16,1,0.01,2,0.01,"{'batch_size': 32, 'dropout': 0.01, 'epochs': 40, 'hidden_dim': 16, 'input_dim': 1, 'learning_rate': 0.01, 'output_dim': 2, 'weight_decay': 0.01}",0.0,0.0,0.0,0.0,0.0,0.0,0.0,0.0,0.0,0.0,0.0,0.0,94
63.63599541187286,9.875835769896963,0.2524324893951416,0.24931703231736288,32,0.01,40,32,1,0.1,2,0.0,"{'batch_size': 32, 'dropout': 0.01, 'epochs': 40, 'hidden_dim': 32, 'input_dim': 1, 'learning_rate': 0.1, 'output_dim': 2, 'weight_decay': 0.0}",0.014970059880239521,0.0,0.06315789473684211,0.15196078431372548,0.0,0.7241379310344828,0.0,0.0,0.36917562724014336,0.0,0.13234022972054332,0.22645797076187082,35
66.49396095275878,10.726882579904808,0.208227801322937,0.18222653049243576,32,0.01,40,32,1,0.1,2,0.01,"{'batch_size': 32, 'dropout': 0.01, 'epochs': 40, 'hidden_dim': 32, 'input_dim': 1, 'learning_rate': 0.1, 'output_dim': 2, 'weight_decay': 0.01}",0.0,0.0,0.0,0.0,0.0,0.0,0.0,0.0,0.0,0.0,0.0,0.0,94
65.69899451732635,10.327963131995377,0.24442217350006104,0.24135872483386686,32,0.01,40,32,1,0.01,2,0.0,"{'batch_size': 32, 'dropout': 0.01, 'epochs': 40, 'hidden_dim': 32, 'input_dim': 1, 'learning_rate': 0.01, 'output_dim': 2, 'weight_decay': 0.0}",0.09580838323353294,0.03260869565217391,0.0,0.49019607843137253,0.0,0.5862068965517241,0.8427947598253275,0.0,0.0,0.0,0.2047614813694131,0.29752372323351395,18
93.70598909854888,16.04494766883454,0.34094929695129395,0.3753091806650237,32,0.01,40,32,1,0.01,2,0.01,"{'batch_size': 32, 'dropout': 0.01, 'epochs': 40, 'hidden_dim': 32, 'input_dim': 1, 'learning_rate': 0.01, 'output_dim': 2, 'weight_decay': 0.01}",0.0,0.0,0.0,0.0,0.0,0.0,0.0,0.0,0.0,0.0,0.0,0.0,94
89.90812456607819,14.851955119113038,0.3217254877090454,0.32191476416921344,32,0.01,40,64,1,0.1,2,0.0,"{'batch_size': 32, 'dropout': 0.01, 'epochs': 40, 'hidden_dim': 64, 'input_dim': 1, 'learning_rate': 0.1, 'output_dim': 2, 'weight_decay': 0.0}",0.02694610778443114,0.0,0.0,0.0,0.07307692307692308,0.0,0.0,0.0,0.26523297491039427,0.0,0.03652560057717485,0.07941893062469765,71
94.75738878250122,13.99254322733016,0.2832186698913574,0.28848860899671785,32,0.01,40,64,1,0.1,2,0.01,"{'batch_size': 32, 'dropout': 0.01, 'epochs': 40, 'hidden_dim': 64, 'input_dim': 1, 'learning_rate': 0.1, 'output_dim': 2, 'weight_decay': 0.01}",0.0,0.0,0.0,0.0,0.0,0.0,0.0,0.0,0.0,0.0,0.0,0.0,94
88.76814210414886,10.92014906454881,0.24975433349609374,0.31151301190305347,32,0.01,40,64,1,0.01,2,0.0,"{'batch_size': 32, 'dropout': 0.01, 'epochs': 40, 'hidden_dim': 64, 'input_dim': 1, 'learning_rate': 0.01, 'output_dim': 2, 'weight_decay': 0.0}",0.27844311377245506,0.14130434782608695,0.0,0.17647058823529413,0.5846153846153846,0.0,0.8427947598253275,0.0,0.46415770609318996,0.0,0.24877859003677383,0.2787923990123893,8
123.7655745267868,19.14782300872517,0.2891474723815918,0.3483791312871404,32,0.01,40,64,1,0.01,2,0.01,"{'batch_size': 32, 'dropout': 0.01, 'epochs': 40, 'hidden_dim': 64, 'input_dim': 1, 'learning_rate': 0.01, 'output_dim': 2, 'weight_decay': 0.01}",0.0,0.0,0.0,0.0,0.0,0.0,0.0,0.0,0.0,0.0,0.0,0.0,94
16.685525679588316,2.894973444285488,0.20196068286895752,0.17378300268033986,32,0.1,10,16,1,0.1,2,0.0,"{'batch_size': 32, 'dropout': 0.1, 'epochs': 10, 'hidden_dim': 16, 'input_dim': 1, 'learning_rate': 0.1, 'output_dim': 2, 'weight_decay': 0.0}",0.0,0.0,0.0,0.0,0.0,0.0,0.0,0.0,0.0,0.0,0.0,0.0,94
15.251216888427734,2.410964989100497,0.24514126777648926,0.24359817898565636,32,0.1,10,16,1,0.1,2,0.01,"{'batch_size': 32, 'dropout': 0.1, 'epochs': 10, 'hidden_dim': 16, 'input_dim': 1, 'learning_rate': 0.1, 'output_dim': 2, 'weight_decay': 0.01}",0.0,0.0,0.0,0.0,0.0,0.0,0.0,0.0,0.0,0.0,0.0,0.0,94
13.596932554244995,1.9915488141401212,0.20485692024230956,0.15211374690994858,32,0.1,10,16,1,0.01,2,0.0,"{'batch_size': 32, 'dropout': 0.1, 'epochs': 10, 'hidden_dim': 16, 'input_dim': 1, 'learning_rate': 0.01, 'output_dim': 2, 'weight_decay': 0.0}",0.0,0.0,0.0,0.0,0.0,0.0,0.0,0.0,0.0,0.0,0.0,0.0,94
12.561619329452515,1.7142563057114488,0.18848271369934083,0.16237571514621255,32,0.1,10,16,1,0.01,2,0.01,"{'batch_size': 32, 'dropout': 0.1, 'epochs': 10, 'hidden_dim': 16, 'input_dim': 1, 'learning_rate': 0.01, 'output_dim': 2, 'weight_decay': 0.01}",0.0,0.0,0.0,0.0,0.0,0.0,0.0,0.0,0.0,0.0,0.0,0.0,94
15.055674743652343,2.0561846025895996,0.20733277797698973,0.22169368403329984,32,0.1,10,32,1,0.1,2,0.0,"{'batch_size': 32, 'dropout': 0.1, 'epochs': 10, 'hidden_dim': 32, 'input_dim': 1, 'learning_rate': 0.1, 'output_dim': 2, 'weight_decay': 0.0}",0.3652694610778443,0.0,0.0,0.0,0.0,0.0,0.0,0.0,0.4121863799283154,0.0,0.07774558410061597,0.1558446766890191,57
13.89555766582489,1.9980844969159328,0.18204641342163086,0.16063429587789452,32,0.1,10,32,1,0.1,2,0.01,"{'batch_size': 32, 'dropout': 0.1, 'epochs': 10, 'hidden_dim': 32, 'input_dim': 1, 'learning_rate': 0.1, 'output_dim': 2, 'weight_decay': 0.01}",0.0,0.0,0.0,0.0,0.0,0.0,0.0,0.0,0.0,0.0,0.0,0.0,94
13.746900272369384,1.5836228886104244,0.17924418449401855,0.15336779977903975,32,0.1,10,32,1,0.01,2,0.0,"{'batch_size': 32, 'dropout': 0.1, 'epochs': 10, 'hidden_dim': 32, 'input_dim': 1, 'learning_rate': 0.01, 'output_dim': 2, 'weight_decay': 0.0}",0.0,0.0,0.06315789473684211,0.0,0.0,0.0,0.0,0.0,0.0,0.0,0.00631578947368421,0.018947368421052633,86
13.617436933517457,1.981963364402581,0.17638769149780273,0.1896630679819291,32,0.1,10,32,1,0.01,2,0.01,"{'batch_size': 32, 'dropout': 0.1, 'epochs': 10, 'hidden_dim': 32, 'input_dim': 1, 'learning_rate': 0.01, 'output_dim': 2, 'weight_decay': 0.01}",0.0,0.0,0.0,0.0,0.0,0.0,0.0,0.0,0.0,0.0,0.0,0.0,94
17.2066091299057,2.1491593867907333,0.19689815044403075,0.18867917517062105,32,0.1,10,64,1,0.1,2,0.0,"{'batch_size': 32, 'dropout': 0.1, 'epochs': 10, 'hidden_dim': 64, 'input_dim': 1, 'learning_rate': 0.1, 'output_dim': 2, 'weight_decay': 0.0}",0.0,0.0,0.0,0.0,0.0,0.0,0.7161572052401747,0.0,0.0,0.0,0.07161572052401746,0.2148471615720524,61
18.233394622802734,2.4116087549382588,0.19643018245697022,0.19295985223581583,32,0.1,10,64,1,0.1,2,0.01,"{'batch_size': 32, 'dropout': 0.1, 'epochs': 10, 'hidden_dim': 64, 'input_dim': 1, 'learning_rate': 0.1, 'output_dim': 2, 'weight_decay': 0.01}",0.0,0.0,0.0,0.0,0.0,0.0,0.0,0.0,0.0,0.0,0.0,0.0,94
18.510169434547425,2.531199869160155,0.1852771520614624,0.183800131023862,32,0.1,10,64,1,0.01,2,0.0,"{'batch_size': 32, 'dropout': 0.1, 'epochs': 10, 'hidden_dim': 64, 'input_dim': 1, 'learning_rate': 0.01, 'output_dim': 2, 'weight_decay': 0.0}",0.0,0.0,0.0,0.0,0.0,0.06896551724137931,0.0,0.0,0.0,0.0,0.006896551724137931,0.02068965517241379,84
17.76311573982239,2.463925005437457,0.19122648239135742,0.17519824343513837,32,0.1,10,64,1,0.01,2,0.01,"{'batch_size': 32, 'dropout': 0.1, 'epochs': 10, 'hidden_dim': 64, 'input_dim': 1, 'learning_rate': 0.01, 'output_dim': 2, 'weight_decay': 0.01}",0.0,0.0,0.0,0.0,0.0,0.0,0.0,0.0,0.0,0.0,0.0,0.0,94
24.812942719459535,3.367776966758369,0.17258481979370116,0.16339714893645602,32,0.1,20,16,1,0.1,2,0.0,"{'batch_size': 32, 'dropout': 0.1, 'epochs': 20, 'hidden_dim': 16, 'input_dim': 1, 'learning_rate': 0.1, 'output_dim': 2, 'weight_decay': 0.0}",0.0,0.0,0.0,0.0,0.0,0.5172413793103449,0.2576419213973799,0.0,0.0,0.0,0.07748833007077247,0.16549126598120878,58
25.446669220924377,3.0187640957866297,0.19064106941223144,0.16353911190273465,32,0.1,20,16,1,0.1,2,0.01,"{'batch_size': 32, 'dropout': 0.1, 'epochs': 20, 'hidden_dim': 16, 'input_dim': 1, 'learning_rate': 0.1, 'output_dim': 2, 'weight_decay': 0.01}",0.0,0.0,0.0,0.0,0.0,0.0,0.0,0.0,0.0,0.0,0.0,0.0,94
25.837987995147706,3.7104093105043225,0.23066504001617433,0.24880996978699113,32,0.1,20,16,1,0.01,2,0.0,"{'batch_size': 32, 'dropout': 0.1, 'epochs': 20, 'hidden_dim': 16, 'input_dim': 1, 'learning_rate': 0.01, 'output_dim': 2, 'weight_decay': 0.0}",0.0,0.0,0.06315789473684211,0.1715686274509804,0.0,0.5862068965517241,0.2314410480349345,0.0,0.5340501792114696,0.0,0.15864246459859505,0.2154445348691755,25
28.012031316757202,4.960267143570454,0.21668493747711182,0.25330342612437656,32,0.1,20,16,1,0.01,2,0.01,"{'batch_size': 32, 'dropout': 0.1, 'epochs': 20, 'hidden_dim': 16, 'input_dim': 1, 'learning_rate': 0.01, 'output_dim': 2, 'weight_decay': 0.01}",0.0,0.0,0.0,0.0,0.0,0.0,0.0,0.0,0.0,0.0,0.0,0.0,94
29.000580048561098,4.662441957611914,0.1960822343826294,0.16688167239413493,32,0.1,20,32,1,0.1,2,0.0,"{'batch_size': 32, 'dropout': 0.1, 'epochs': 20, 'hidden_dim': 32, 'input_dim': 1, 'learning_rate': 0.1, 'output_dim': 2, 'weight_decay': 0.0}",0.0,0.0,0.5789473684210527,0.0,0.0,0.0,0.0,0.0,0.0,0.0,0.05789473684210526,0.17368421052631583,63
29.922924280166626,4.226828555278701,0.23048753738403321,0.2712371247473351,32,0.1,20,32,1,0.1,2,0.01,"{'batch_size': 32, 'dropout': 0.1, 'epochs': 20, 'hidden_dim': 32, 'input_dim': 1, 'learning_rate': 0.1, 'output_dim': 2, 'weight_decay': 0.01}",0.0,0.0,0.0,0.0,0.0,0.0,0.0,0.0,0.0,0.0,0.0,0.0,94
30.853202056884765,4.3274986786118435,0.22133607864379884,0.2084744673889856,32,0.1,20,32,1,0.01,2,0.0,"{'batch_size': 32, 'dropout': 0.1, 'epochs': 20, 'hidden_dim': 32, 'input_dim': 1, 'learning_rate': 0.01, 'output_dim': 2, 'weight_decay': 0.0}",0.23652694610778444,0.0,0.3263157894736842,0.0,0.0,0.5172413793103449,0.0,0.0,0.38530465949820786,0.0,0.14653887743900215,0.19070628982442545,30
35.86936004161835,5.513207391281202,0.28232998847961427,0.37236889055326133,32,0.1,20,32,1,0.01,2,0.01,"{'batch_size': 32, 'dropout': 0.1, 'epochs': 20, 'hidden_dim': 32, 'input_dim': 1, 'learning_rate': 0.01, 'output_dim': 2, 'weight_decay': 0.01}",0.0,0.0,0.0,0.0,0.0,0.0,0.0,0.0,0.0,0.0,0.0,0.0,94
38.44052324295044,5.729584667023403,0.21743860244750976,0.24471098198826885,32,0.1,20,64,1,0.1,2,0.0,"{'batch_size': 32, 'dropout': 0.1, 'epochs': 20, 'hidden_dim': 64, 'input_dim': 1, 'learning_rate': 0.1, 'output_dim': 2, 'weight_decay': 0.0}",0.0,0.021739130434782608,0.0,0.0,0.0,0.0,0.0,0.0,0.07885304659498207,0.0,0.010059217702976467,0.023829633109664433,83
40.21840558052063,6.347156564905214,0.2276933193206787,0.24385718160289918,32,0.1,20,64,1,0.1,2,0.01,"{'batch_size': 32, 'dropout': 0.1, 'epochs': 20, 'hidden_dim': 64, 'input_dim': 1, 'learning_rate': 0.1, 'output_dim': 2, 'weight_decay': 0.01}",0.0,0.0,0.0,0.0,0.0,0.0,0.0,0.0,0.0,0.0,0.0,0.0,94
39.79712941646576,5.782035519325844,0.20869886875152588,0.22562251541584782,32,0.1,20,64,1,0.01,2,0.0,"{'batch_size': 32, 'dropout': 0.1, 'epochs': 20, 'hidden_dim': 64, 'input_dim': 1, 'learning_rate': 0.01, 'output_dim': 2, 'weight_decay': 0.0}",0.0,0.0,0.22105263157894736,0.0,0.0,0.0,0.8209606986899564,0.0,0.0,0.0,0.10420133302689036,0.24784300608967563,45
50.01543869972229,8.19512666536744,0.34249846935272216,0.385228632048939,32,0.1,20,64,1,0.01,2,0.01,"{'batch_size': 32, 'dropout': 0.1, 'epochs': 20, 'hidden_dim': 64, 'input_dim': 1, 'learning_rate': 0.01, 'output_dim': 2, 'weight_decay': 0.01}",0.0,0.0,0.0,0.0,0.0,0.0,0.0,0.0,0.0,0.0,0.0,0.0,94
53.393253326416016,6.784409133522973,0.19623241424560547,0.17403450146818877,32,0.1,40,16,1,0.1,2,0.0,"{'batch_size': 32, 'dropout': 0.1, 'epochs': 40, 'hidden_dim': 16, 'input_dim': 1, 'learning_rate': 0.1, 'output_dim': 2, 'weight_decay': 0.0}",0.0,0.07608695652173914,0.010526315789473684,0.0,0.0,0.0,0.0,0.0,0.36379928315412186,0.0,0.04504125554653347,0.10861068073086198,67
57.3405280828476,6.389485208144421,0.20957558155059813,0.16145295882018376,32,0.1,40,16,1,0.1,2,0.01,"{'batch_size': 32, 'dropout': 0.1, 'epochs': 40, 'hidden_dim': 16, 'input_dim': 1, 'learning_rate': 0.1, 'output_dim': 2, 'weight_decay': 0.01}",0.0,0.0,0.0,0.0,0.0,0.0,0.0,0.0,0.0,0.0,0.0,0.0,94
56.552862191200255,6.65578634440042,0.1936173677444458,0.1710493011536335,32,0.1,40,16,1,0.01,2,0.0,"{'batch_size': 32, 'dropout': 0.1, 'epochs': 40, 'hidden_dim': 16, 'input_dim': 1, 'learning_rate': 0.01, 'output_dim': 2, 'weight_decay': 0.0}",0.0,0.11956521739130435,0.3684210526315789,0.24019607843137256,0.05384615384615385,0.2413793103448276,0.19213973799126638,0.0,0.0,0.0,0.12155475506365036,0.12571775658270434,38
68.54476754665374,9.268751929921564,0.24832649230957032,0.2537389721261343,32,0.1,40,16,1,0.01,2,0.01,"{'batch_size': 32, 'dropout': 0.1, 'epochs': 40, 'hidden_dim': 16, 'input_dim': 1, 'learning_rate': 0.01, 'output_dim': 2, 'weight_decay': 0.01}",0.0,0.0,0.0,0.0,0.0,0.0,0.0,0.0,0.0,0.0,0.0,0.0,94
66.85475344657898,9.201619420211188,0.23799469470977783,0.2315109542109862,32,0.1,40,32,1,0.1,2,0.0,"{'batch_size': 32, 'dropout': 0.1, 'epochs': 40, 'hidden_dim': 32, 'input_dim': 1, 'learning_rate': 0.1, 'output_dim': 2, 'weight_decay': 0.0}",0.0,0.0,0.010526315789473684,0.0,0.0,0.0,0.0,0.0,0.0,0.0,0.0010526315789473684,0.0031578947368421048,93
70.27095813751221,9.981783059925828,0.20310070514678955,0.184198710816348,32,0.1,40,32,1,0.1,2,0.01,"{'batch_size': 32, 'dropout': 0.1, 'epochs': 40, 'hidden_dim': 32, 'input_dim': 1, 'learning_rate': 0.1, 'output_dim': 2, 'weight_decay': 0.01}",0.0,0.0,0.0,0.0,0.0,0.0,0.0,0.0,0.0,0.0,0.0,0.0,94
70.32553799152375,8.703232888012627,0.21285974979400635,0.18809456297779056,32,0.1,40,32,1,0.01,2,0.0,"{'batch_size': 32, 'dropout': 0.1, 'epochs': 40, 'hidden_dim': 32, 'input_dim': 1, 'learning_rate': 0.01, 'output_dim': 2, 'weight_decay': 0.0}",0.4491017964071856,0.41847826086956524,0.0,0.0,0.05384615384615385,0.0,0.8209606986899564,0.0,0.6648745519713262,0.5714285714285714,0.2978690033212759,0.30578124634155857,5
92.22503671646118,13.208798777236217,0.2762442588806152,0.2655504041752271,32,0.1,40,32,1,0.01,2,0.01,"{'batch_size': 32, 'dropout': 0.1, 'epochs': 40, 'hidden_dim': 32, 'input_dim': 1, 'learning_rate': 0.01, 'output_dim': 2, 'weight_decay': 0.01}",0.0,0.0,0.0,0.0,0.0,0.0,0.0,0.0,0.0,0.0,0.0,0.0,94
90.64060089588165,14.990068733544733,0.25225679874420165,0.240651172382795,32,0.1,40,64,1,0.1,2,0.0,"{'batch_size': 32, 'dropout': 0.1, 'epochs': 40, 'hidden_dim': 64, 'input_dim': 1, 'learning_rate': 0.1, 'output_dim': 2, 'weight_decay': 0.0}",0.0,0.09782608695652174,0.0,0.0,0.0,0.0,0.0,0.0,0.1111111111111111,0.0,0.020893719806763283,0.04189289561242491,77
91.84525573253632,10.341497297431324,0.25007460117340086,0.2544176542107924,32,0.1,40,64,1,0.1,2,0.01,"{'batch_size': 32, 'dropout': 0.1, 'epochs': 40, 'hidden_dim': 64, 'input_dim': 1, 'learning_rate': 0.1, 'output_dim': 2, 'weight_decay': 0.01}",0.0,0.0,0.0,0.0,0.0,0.0,0.0,0.0,0.0,0.0,0.0,0.0,94
92.39450755119324,12.310605811452819,0.23091084957122804,0.2145225179488019,32,0.1,40,64,1,0.01,2,0.0,"{'batch_size': 32, 'dropout': 0.1, 'epochs': 40, 'hidden_dim': 64, 'input_dim': 1, 'learning_rate': 0.01, 'output_dim': 2, 'weight_decay': 0.0}",0.3323353293413174,0.5652173913043478,0.06315789473684211,0.0392156862745098,0.0,0.06896551724137931,0.3537117903930131,0.0,0.3709677419354839,0.0,0.17935713512268933,0.19525362477372654,22
122.20735440254211,20.06183945753009,0.2961231470108032,0.3513796525808276,32,0.1,40,64,1,0.01,2,0.01,"{'batch_size': 32, 'dropout': 0.1, 'epochs': 40, 'hidden_dim': 64, 'input_dim': 1, 'learning_rate': 0.01, 'output_dim': 2, 'weight_decay': 0.01}",0.0,0.0,0.0,0.0,0.0,0.0,0.0,0.0,0.0,0.0,0.0,0.0,94
11.852970910072326,1.9555028555371137,0.27861976623535156,0.3129482749285829,64,0,10,16,1,0.1,2,0.0,"{'batch_size': 64, 'dropout': 0, 'epochs': 10, 'hidden_dim': 16, 'input_dim': 1, 'learning_rate': 0.1, 'output_dim': 2, 'weight_decay': 0.0}",0.0,0.0,0.0,0.10784313725490197,0.0,1.0,0.7991266375545851,0.0,0.0,0.0,0.19069697748094872,0.3586893018893346,19
11.033728623390198,1.7818121824803121,0.1895536422729492,0.16805974293741802,64,0,10,16,1,0.1,2,0.01,"{'batch_size': 64, 'dropout': 0, 'epochs': 10, 'hidden_dim': 16, 'input_dim': 1, 'learning_rate': 0.1, 'output_dim': 2, 'weight_decay': 0.01}",0.0,0.0,0.0,0.0,0.0,0.0,0.0,0.0,0.0,0.0,0.0,0.0,94
9.551044511795045,1.264798394701463,0.18688619136810303,0.17774496911893545,64,0,10,16,1,0.01,2,0.0,"{'batch_size': 64, 'dropout': 0, 'epochs': 10, 'hidden_dim': 16, 'input_dim': 1, 'learning_rate': 0.01, 'output_dim': 2, 'weight_decay': 0.0}",0.0,0.0,0.0,0.0,0.0,0.0,0.0,0.0,0.0,0.0,0.0,0.0,94
9.36380889415741,1.219243462565937,0.17731688022613526,0.18939326142175864,64,0,10,16,1,0.01,2,0.01,"{'batch_size': 64, 'dropout': 0, 'epochs': 10, 'hidden_dim': 16, 'input_dim': 1, 'learning_rate': 0.01, 'output_dim': 2, 'weight_decay': 0.01}",0.0,0.0,0.0,0.0,0.0,0.0,0.0,0.0,0.0,0.0,0.0,0.0,94
9.918846940994262,1.9465718993543482,0.19823193550109863,0.20246391526790433,64,0,10,32,1,0.1,2,0.0,"{'batch_size': 64, 'dropout': 0, 'epochs': 10, 'hidden_dim': 32, 'input_dim': 1, 'learning_rate': 0.1, 'output_dim': 2, 'weight_decay': 0.0}",0.6437125748502994,0.04891304347826087,0.2,0.0,0.46153846153846156,0.0,0.0,0.0,0.0,0.0,0.13541640798670218,0.22054479835212362,33
9.810116696357728,1.4366809520366024,0.22591567039489746,0.2685188559848981,64,0,10,32,1,0.1,2,0.01,"{'batch_size': 64, 'dropout': 0, 'epochs': 10, 'hidden_dim': 32, 'input_dim': 1, 'learning_rate': 0.1, 'output_dim': 2, 'weight_decay': 0.01}",0.0,0.0,0.0,0.0,0.0,0.0,0.0,0.0,0.0,0.0,0.0,0.0,94
8.990224504470826,1.1114271390412247,0.17042183876037598,0.1625623446262945,64,0,10,32,1,0.01,2,0.0,"{'batch_size': 64, 'dropout': 0, 'epochs': 10, 'hidden_dim': 32, 'input_dim': 1, 'learning_rate': 0.01, 'output_dim': 2, 'weight_decay': 0.0}",0.0,0.0,0.0,0.0,0.0,0.0,0.0,0.0,0.0,0.0,0.0,0.0,94
9.4755788564682,1.5641927966595328,0.18054437637329102,0.1595649955597776,64,0,10,32,1,0.01,2,0.01,"{'batch_size': 64, 'dropout': 0, 'epochs': 10, 'hidden_dim': 32, 'input_dim': 1, 'learning_rate': 0.01, 'output_dim': 2, 'weight_decay': 0.01}",0.0,0.0,0.0,0.0,0.0,0.0,0.0,0.0,0.0,0.0,0.0,0.0,94
11.88732397556305,2.055201805361798,0.2654482364654541,0.3878503194004715,64,0,10,64,1,0.1,2,0.0,"{'batch_size': 64, 'dropout': 0, 'epochs': 10, 'hidden_dim': 64, 'input_dim': 1, 'learning_rate': 0.1, 'output_dim': 2, 'weight_decay': 0.0}",0.0,0.0,0.0,0.0,0.0,0.3448275862068966,0.8427947598253275,0.0,0.0,0.0,0.1187622346032224,0.2623288752155961,40
12.819018363952637,2.357102842206529,0.22901408672332763,0.27131201103323643,64,0,10,64,1,0.1,2,0.01,"{'batch_size': 64, 'dropout': 0, 'epochs': 10, 'hidden_dim': 64, 'input_dim': 1, 'learning_rate': 0.1, 'output_dim': 2, 'weight_decay': 0.01}",0.0,0.0,0.0,0.0,0.0,0.0,0.0,0.0,0.0,0.0,0.0,0.0,94
11.827273988723755,2.134067197758489,0.23692870140075684,0.27827983456153654,64,0,10,64,1,0.01,2,0.0,"{'batch_size': 64, 'dropout': 0, 'epochs': 10, 'hidden_dim': 64, 'input_dim': 1, 'learning_rate': 0.01, 'output_dim': 2, 'weight_decay': 0.0}",0.0,0.0,0.0,0.0,0.015384615384615385,0.0,0.0,0.0,0.0,0.0,0.0015384615384615385,0.004615384615384615,92
11.74404172897339,1.6944268314779145,0.22216856479644775,0.27077809929305663,64,0,10,64,1,0.01,2,0.01,"{'batch_size': 64, 'dropout': 0, 'epochs': 10, 'hidden_dim': 64, 'input_dim': 1, 'learning_rate': 0.01, 'output_dim': 2, 'weight_decay': 0.01}",0.0,0.0,0.0,0.0,0.0,0.0,0.0,0.0,0.0,0.0,0.0,0.0,94
17.963301181793213,2.4437748270425326,0.1842972755432129,0.195443076487999,64,0,20,16,1,0.1,2,0.0,"{'batch_size': 64, 'dropout': 0, 'epochs': 20, 'hidden_dim': 16, 'input_dim': 1, 'learning_rate': 0.1, 'output_dim': 2, 'weight_decay': 0.0}",0.0029940119760479044,0.0,0.2,0.22549019607843138,0.015384615384615385,0.0,0.0,0.0,0.7293906810035843,0.0,0.1173259504442679,0.22032894909296397,42
17.563288044929504,2.6826135636151576,0.17557249069213868,0.1990108494693757,64,0,20,16,1,0.1,2,0.01,"{'batch_size': 64, 'dropout': 0, 'epochs': 20, 'hidden_dim': 16, 'input_dim': 1, 'learning_rate': 0.1, 'output_dim': 2, 'weight_decay': 0.01}",0.0,0.0,0.0,0.0,0.0,0.0,0.0,0.0,0.0,0.0,0.0,0.0,94
18.329908680915832,3.8296158942514134,0.17682104110717772,0.19176868747613673,64,0,20,16,1,0.01,2,0.0,"{'batch_size': 64, 'dropout': 0, 'epochs': 20, 'hidden_dim': 16, 'input_dim': 1, 'learning_rate': 0.01, 'output_dim': 2, 'weight_decay': 0.0}",0.25748502994011974,0.0,0.0,0.0,0.0,0.27586206896551724,0.0,0.0,0.0,0.0,0.0533347098905637,0.10674854047999635,65
17.777599000930785,2.2576983167536953,0.21998019218444825,0.3045518588705532,64,0,20,16,1,0.01,2,0.01,"{'batch_size': 64, 'dropout': 0, 'epochs': 20, 'hidden_dim': 16, 'input_dim': 1, 'learning_rate': 0.01, 'output_dim': 2, 'weight_decay': 0.01}",0.0,0.0,0.0,0.0,0.0,0.0,0.0,0.0,0.0,0.0,0.0,0.0,94
19.69455635547638,2.6524844679305777,0.20764672756195068,0.20903701570556452,64,0,20,32,1,0.1,2,0.0,"{'batch_size': 64, 'dropout': 0, 'epochs': 20, 'hidden_dim': 32, 'input_dim': 1, 'learning_rate': 0.1, 'output_dim': 2, 'weight_decay': 0.0}",0.05389221556886228,0.1956521739130435,0.0,0.024509803921568627,0.5461538461538461,0.8620689655172413,0.44541484716157204,0.0,0.0,0.0,0.2127691852236134,0.28790952116688734,16
19.989453268051147,2.891975692538128,0.18387210369110107,0.18744906308743464,64,0,20,32,1,0.1,2,0.01,"{'batch_size': 64, 'dropout': 0, 'epochs': 20, 'hidden_dim': 32, 'input_dim': 1, 'learning_rate': 0.1, 'output_dim': 2, 'weight_decay': 0.01}",0.0,0.0,0.0,0.0,0.0,0.0,0.0,0.0,0.0,0.0,0.0,0.0,94
20.360822081565857,2.794278436628703,0.194130539894104,0.19121443234226565,64,0,20,32,1,0.01,2,0.0,"{'batch_size': 64, 'dropout': 0, 'epochs': 20, 'hidden_dim': 32, 'input_dim': 1, 'learning_rate': 0.01, 'output_dim': 2, 'weight_decay': 0.0}",0.09580838323353294,0.0,0.06315789473684211,0.0,0.7230769230769231,0.0,0.0,0.0,0.0,0.0,0.08820432010472981,0.21405802526427914,55
19.991497969627382,3.402666435217584,0.2075658321380615,0.2081973166028187,64,0,20,32,1,0.01,2,0.01,"{'batch_size': 64, 'dropout': 0, 'epochs': 20, 'hidden_dim': 32, 'input_dim': 1, 'learning_rate': 0.01, 'output_dim': 2, 'weight_decay': 0.01}",0.0,0.0,0.0,0.0,0.0,0.0,0.0,0.0,0.0,0.0,0.0,0.0,94
27.37699599266052,4.6296919958546505,0.2375093460083008,0.29511565113871024,64,0,20,64,1,0.1,2,0.0,"{'batch_size': 64, 'dropout': 0, 'epochs': 20, 'hidden_dim': 64, 'input_dim': 1, 'learning_rate': 0.1, 'output_dim': 2, 'weight_decay': 0.0}",0.0,0.0,0.0,0.024509803921568627,0.0,1.0,0.0,0.0,0.0,0.07142857142857142,0.10959383753501399,0.2975894284157436,44
25.98565673828125,3.5980027845167064,0.23724424839019775,0.284723728152904,64,0,20,64,1,0.1,2,0.01,"{'batch_size': 64, 'dropout': 0, 'epochs': 20, 'hidden_dim': 64, 'input_dim': 1, 'learning_rate': 0.1, 'output_dim': 2, 'weight_decay': 0.01}",0.0,0.0,0.0,0.0,0.0,0.0,0.0,0.0,0.0,0.0,0.0,0.0,94
26.382101798057555,4.1504813885448595,0.2731640815734863,0.3825706732371087,64,0,20,64,1,0.01,2,0.0,"{'batch_size': 64, 'dropout': 0, 'epochs': 20, 'hidden_dim': 64, 'input_dim': 1, 'learning_rate': 0.01, 'output_dim': 2, 'weight_decay': 0.0}",0.0,0.0,0.0,0.0196078431372549,0.0,0.0,0.0,0.0,0.3888888888888889,0.0,0.04084967320261438,0.11616026747822417,70
25.734888005256654,4.621986093804571,0.2507577419281006,0.2648907792846782,64,0,20,64,1,0.01,2,0.01,"{'batch_size': 64, 'dropout': 0, 'epochs': 20, 'hidden_dim': 64, 'input_dim': 1, 'learning_rate': 0.01, 'output_dim': 2, 'weight_decay': 0.01}",0.0,0.0,0.0,0.0,0.0,0.0,0.0,0.0,0.0,0.0,0.0,0.0,94
38.207435154914855,5.748587529327953,0.24097468852996826,0.34760507037703975,64,0,40,16,1,0.1,2,0.0,"{'batch_size': 64, 'dropout': 0, 'epochs': 40, 'hidden_dim': 16, 'input_dim': 1, 'learning_rate': 0.1, 'output_dim': 2, 'weight_decay': 0.0}",0.020958083832335328,0.2826086956521739,0.0,0.0,0.023076923076923078,0.1724137931034483,0.8427947598253275,0.0,0.41397849462365593,0.0,0.1755830750113864,0.2615249539647262,23
38.48786287307739,4.938605220668137,0.24602668285369872,0.32860638695308453,64,0,40,16,1,0.1,2,0.01,"{'batch_size': 64, 'dropout': 0, 'epochs': 40, 'hidden_dim': 16, 'input_dim': 1, 'learning_rate': 0.1, 'output_dim': 2, 'weight_decay': 0.01}",0.0,0.0,0.0,0.0,0.0,0.0,0.0,0.0,0.0,0.0,0.0,0.0,94
38.69812617301941,5.979822832717267,0.20562241077423096,0.21369705944919928,64,0,40,16,1,0.01,2,0.0,"{'batch_size': 64, 'dropout': 0, 'epochs': 40, 'hidden_dim': 16, 'input_dim': 1, 'learning_rate': 0.01, 'output_dim': 2, 'weight_decay': 0.0}",0.0,0.266304347826087,0.18947368421052632,0.19117647058823528,0.05384615384615385,0.27586206896551724,0.37117903930131,0.0,0.0,0.0,0.134784176473783,0.13359346986413909,34
44.66733465194702,7.955510599235945,0.2012096405029297,0.20445628913953767,64,0,40,16,1,0.01,2,0.01,"{'batch_size': 64, 'dropout': 0, 'epochs': 40, 'hidden_dim': 16, 'input_dim': 1, 'learning_rate': 0.01, 'output_dim': 2, 'weight_decay': 0.01}",0.0,0.0,0.0,0.0,0.0,0.0,0.0,0.0,0.0,0.0,0.0,0.0,94
43.3602258682251,5.958951604692522,0.237909197807312,0.3088390918706305,64,0,40,32,1,0.1,2,0.0,"{'batch_size': 64, 'dropout': 0, 'epochs': 40, 'hidden_dim': 32, 'input_dim': 1, 'learning_rate': 0.1, 'output_dim': 2, 'weight_decay': 0.0}",0.05089820359281437,0.7445652173913043,0.06315789473684211,0.3627450980392157,0.0,0.10344827586206896,0.8427947598253275,0.0,0.5824372759856631,0.0,0.2750046725433236,0.31567434962566493,6
44.7566038608551,6.641897472328325,0.18447024822235109,0.1744444361621952,64,0,40,32,1,0.1,2,0.01,"{'batch_size': 64, 'dropout': 0, 'epochs': 40, 'hidden_dim': 32, 'input_dim': 1, 'learning_rate': 0.1, 'output_dim': 2, 'weight_decay': 0.01}",0.0,0.0,0.0,0.0,0.0,0.0,0.0,0.0,0.0,0.0,0.0,0.0,94
43.73093936443329,6.059593517306264,0.2322603225708008,0.31325833201660475,64,0,40,32,1,0.01,2,0.0,"{'batch_size': 64, 'dropout': 0, 'epochs': 40, 'hidden_dim': 32, 'input_dim': 1, 'learning_rate': 0.01, 'output_dim': 2, 'weight_decay': 0.0}",0.0,0.24456521739130435,0.06315789473684211,0.0,0.4461538461538462,0.3448275862068966,0.3537117903930131,0.0,0.07885304659498207,0.0,0.15312693814768846,0.16691663357133457,28
57.8867171049118,10.158788835833978,0.27295074462890623,0.28258520975709,64,0,40,32,1,0.01,2,0.01,"{'batch_size': 64, 'dropout': 0, 'epochs': 40, 'hidden_dim': 32, 'input_dim': 1, 'learning_rate': 0.01, 'output_dim': 2, 'weight_decay': 0.01}",0.0,0.0,0.0,0.0,0.0,0.0,0.0,0.0,0.0,0.0,0.0,0.0,94
56.52455723285675,7.7215760709502534,0.2813760995864868,0.32512686211141417,64,0,40,64,1,0.1,2,0.0,"{'batch_size': 64, 'dropout': 0, 'epochs': 40, 'hidden_dim': 64, 'input_dim': 1, 'learning_rate': 0.1, 'output_dim': 2, 'weight_decay': 0.0}",0.4041916167664671,0.266304347826087,0.021052631578947368,0.0,0.2230769230769231,0.0,0.013100436681222707,0.0,0.06630824372759857,0.0,0.09940341996572458,0.1379323751915734,49
60.96428220272064,9.605533799086416,0.24970674514770508,0.29844340501006333,64,0,40,64,1,0.1,2,0.01,"{'batch_size': 64, 'dropout': 0, 'epochs': 40, 'hidden_dim': 64, 'input_dim': 1, 'learning_rate': 0.1, 'output_dim': 2, 'weight_decay': 0.01}",0.0,0.0,0.0,0.0,0.0,0.0,0.0,0.0,0.0,0.0,0.0,0.0,94
58.33939356803894,8.78184051410656,0.267191481590271,0.26360570878318396,64,0,40,64,1,0.01,2,0.0,"{'batch_size': 64, 'dropout': 0, 'epochs': 40, 'hidden_dim': 64, 'input_dim': 1, 'learning_rate': 0.01, 'output_dim': 2, 'weight_decay': 0.0}",0.0,0.0,0.3157894736842105,0.0392156862745098,0.015384615384615385,0.3103448275862069,0.7685589519650655,0.0,0.0,0.0,0.1449293554894608,0.24050969667759994,31
76.43203566074371,14.171599433838551,0.32192049026489256,0.4742149774472807,64,0,40,64,1,0.01,2,0.01,"{'batch_size': 64, 'dropout': 0, 'epochs': 40, 'hidden_dim': 64, 'input_dim': 1, 'learning_rate': 0.01, 'output_dim': 2, 'weight_decay': 0.01}",0.0,0.0,0.0,0.0,0.0,0.0,0.0,0.0,0.0,0.0,0.0,0.0,94
11.703603768348694,1.8449528112034304,0.22983651161193847,0.29479896881105366,64,0.01,10,16,1,0.1,2,0.0,"{'batch_size': 64, 'dropout': 0.01, 'epochs': 10, 'hidden_dim': 16, 'input_dim': 1, 'learning_rate': 0.1, 'output_dim': 2, 'weight_decay': 0.0}",0.0,0.0,0.0,0.0,0.015384615384615385,0.6551724137931034,0.31877729257641924,0.0,0.0,0.5714285714285714,0.15607628931827094,0.2477981177934283,27
10.570905065536499,1.5489730109734154,0.2108687400817871,0.20056415447219028,64,0.01,10,16,1,0.1,2,0.01,"{'batch_size': 64, 'dropout': 0.01, 'epochs': 10, 'hidden_dim': 16, 'input_dim': 1, 'learning_rate': 0.1, 'output_dim': 2, 'weight_decay': 0.01}",0.0,0.0,0.0,0.0,0.0,0.0,0.0,0.0,0.0,0.0,0.0,0.0,94
10.001478052139282,1.8541765282748612,0.19556427001953125,0.1820041314774225,64,0.01,10,16,1,0.01,2,0.0,"{'batch_size': 64, 'dropout': 0.01, 'epochs': 10, 'hidden_dim': 16, 'input_dim': 1, 'learning_rate': 0.01, 'output_dim': 2, 'weight_decay': 0.0}",0.0,0.0,0.0,0.0,0.0,0.0,0.0,0.0,0.0,0.0,0.0,0.0,94
9.423478150367737,1.341161881302381,0.17650067806243896,0.1544971071223919,64,0.01,10,16,1,0.01,2,0.01,"{'batch_size': 64, 'dropout': 0.01, 'epochs': 10, 'hidden_dim': 16, 'input_dim': 1, 'learning_rate': 0.01, 'output_dim': 2, 'weight_decay': 0.01}",0.0,0.0,0.0,0.0,0.0,0.0,0.0,0.0,0.0,0.0,0.0,0.0,94
11.150874590873718,1.2665648570075037,0.22818524837493898,0.26782436031369167,64,0.01,10,32,1,0.1,2,0.0,"{'batch_size': 64, 'dropout': 0.01, 'epochs': 10, 'hidden_dim': 32, 'input_dim': 1, 'learning_rate': 0.1, 'output_dim': 2, 'weight_decay': 0.0}",0.0,0.0,0.0,0.0,0.0,0.10344827586206896,0.0,0.0,0.0,0.0,0.010344827586206896,0.03103448275862069,81
11.946654772758484,1.7411679949296843,0.1831883192062378,0.21046962813401157,64,0.01,10,32,1,0.1,2,0.01,"{'batch_size': 64, 'dropout': 0.01, 'epochs': 10, 'hidden_dim': 32, 'input_dim': 1, 'learning_rate': 0.1, 'output_dim': 2, 'weight_decay': 0.01}",0.0,0.0,0.0,0.0,0.0,0.0,0.0,0.0,0.0,0.0,0.0,0.0,94
11.01794729232788,1.8759808412418277,0.19265601634979249,0.21105688938466613,64,0.01,10,32,1,0.01,2,0.0,"{'batch_size': 64, 'dropout': 0.01, 'epochs': 10, 'hidden_dim': 32, 'input_dim': 1, 'learning_rate': 0.01, 'output_dim': 2, 'weight_decay': 0.0}",0.0,0.0,0.0,0.0,0.0,0.0,0.0,0.0,0.0,0.0,0.0,0.0,94
10.692354583740235,1.452672639181537,0.1870164155960083,0.2171201410627197,64,0.01,10,32,1,0.01,2,0.01,"{'batch_size': 64, 'dropout': 0.01, 'epochs': 10, 'hidden_dim': 32, 'input_dim': 1, 'learning_rate': 0.01, 'output_dim': 2, 'weight_decay': 0.01}",0.0,0.0,0.0,0.0,0.0,0.0,0.0,0.0,0.0,0.0,0.0,0.0,94
14.973288893699646,2.5955816368645546,0.21092987060546875,0.2546692033339491,64,0.01,10,64,1,0.1,2,0.0,"{'batch_size': 64, 'dropout': 0.01, 'epochs': 10, 'hidden_dim': 64, 'input_dim': 1, 'learning_rate': 0.1, 'output_dim': 2, 'weight_decay': 0.0}",0.0,0.0,0.0,0.0,0.0,0.0,0.0,0.0,0.7293906810035843,0.0,0.07293906810035843,0.2188172043010753,60
15.370603561401367,2.8358267052547705,0.2214409351348877,0.2797629328193277,64,0.01,10,64,1,0.1,2,0.01,"{'batch_size': 64, 'dropout': 0.01, 'epochs': 10, 'hidden_dim': 64, 'input_dim': 1, 'learning_rate': 0.1, 'output_dim': 2, 'weight_decay': 0.01}",0.0,0.0,0.0,0.0,0.0,0.0,0.0,0.0,0.0,0.0,0.0,0.0,94
15.307952880859375,2.854988858500686,0.2346259355545044,0.3160453119027732,64,0.01,10,64,1,0.01,2,0.0,"{'batch_size': 64, 'dropout': 0.01, 'epochs': 10, 'hidden_dim': 64, 'input_dim': 1, 'learning_rate': 0.01, 'output_dim': 2, 'weight_decay': 0.0}",0.0,0.0,0.0,0.0,0.0,0.0,0.0,0.0,0.0,0.0,0.0,0.0,94
15.67915952205658,2.7523729491003897,0.212239670753479,0.26973177204695153,64,0.01,10,64,1,0.01,2,0.01,"{'batch_size': 64, 'dropout': 0.01, 'epochs': 10, 'hidden_dim': 64, 'input_dim': 1, 'learning_rate': 0.01, 'output_dim': 2, 'weight_decay': 0.01}",0.0,0.0,0.0,0.0,0.0,0.0,0.0,0.0,0.0,0.0,0.0,0.0,94
19.946210145950317,3.118781221305825,0.19330236911773682,0.21071798575063266,64,0.01,20,16,1,0.1,2,0.0,"{'batch_size': 64, 'dropout': 0.01, 'epochs': 20, 'hidden_dim': 16, 'input_dim': 1, 'learning_rate': 0.1, 'output_dim': 2, 'weight_decay': 0.0}",0.0,1.0,0.7473684210526316,0.0,0.5115384615384615,0.3448275862068966,0.0,0.0,0.0,0.0,0.260373446879799,0.3551329188104701,7
19.250950622558594,2.320683189751998,0.17208714485168458,0.1505519088816522,64,0.01,20,16,1,0.1,2,0.01,"{'batch_size': 64, 'dropout': 0.01, 'epochs': 20, 'hidden_dim': 16, 'input_dim': 1, 'learning_rate': 0.1, 'output_dim': 2, 'weight_decay': 0.01}",0.0,0.0,0.0,0.0,0.0,0.0,0.0,0.0,0.0,0.0,0.0,0.0,94
19.288716650009157,3.2764584061801574,0.22936596870422363,0.3169121776656262,64,0.01,20,16,1,0.01,2,0.0,"{'batch_size': 64, 'dropout': 0.01, 'epochs': 20, 'hidden_dim': 16, 'input_dim': 1, 'learning_rate': 0.01, 'output_dim': 2, 'weight_decay': 0.0}",0.0,0.0,0.0,0.0,0.06153846153846154,0.0,0.0,0.0,0.0,0.0,0.006153846153846154,0.01846153846153846,87
19.55772981643677,2.6880132401301378,0.23563637733459472,0.29665775540425815,64,0.01,20,16,1,0.01,2,0.01,"{'batch_size': 64, 'dropout': 0.01, 'epochs': 20, 'hidden_dim': 16, 'input_dim': 1, 'learning_rate': 0.01, 'output_dim': 2, 'weight_decay': 0.01}",0.0,0.0,0.0,0.0,0.0,0.0,0.0,0.0,0.0,0.0,0.0,0.0,94
23.349105644226075,3.7526461560331486,0.18079829216003418,0.16682970991212281,64,0.01,20,32,1,0.1,2,0.0,"{'batch_size': 64, 'dropout': 0.01, 'epochs': 20, 'hidden_dim': 32, 'input_dim': 1, 'learning_rate': 0.1, 'output_dim': 2, 'weight_decay': 0.0}",0.0,0.0,0.8947368421052632,0.0,0.0,0.0,0.0,0.0,0.0,0.0,0.08947368421052632,0.26842105263157895,54
23.552561950683593,3.6672059241864354,0.17740137577056886,0.1635638381085046,64,0.01,20,32,1,0.1,2,0.01,"{'batch_size': 64, 'dropout': 0.01, 'epochs': 20, 'hidden_dim': 32, 'input_dim': 1, 'learning_rate': 0.1, 'output_dim': 2, 'weight_decay': 0.01}",0.0,0.0,0.0,0.0,0.0,0.0,0.0,0.0,0.0,0.0,0.0,0.0,94
23.83622326850891,3.4380534838335315,0.21027536392211915,0.2328875367545391,64,0.01,20,32,1,0.01,2,0.0,"{'batch_size': 64, 'dropout': 0.01, 'epochs': 20, 'hidden_dim': 32, 'input_dim': 1, 'learning_rate': 0.01, 'output_dim': 2, 'weight_decay': 0.0}",0.0,0.6141304347826086,0.0,0.0,0.019230769230769232,0.0,0.10480349344978165,0.0,0.0,0.0,0.07381646974631595,0.18276243421246985,59
24.628360533714293,4.357529321452929,0.20964064598083496,0.21859458215465394,64,0.01,20,32,1,0.01,2,0.01,"{'batch_size': 64, 'dropout': 0.01, 'epochs': 20, 'hidden_dim': 32, 'input_dim': 1, 'learning_rate': 0.01, 'output_dim': 2, 'weight_decay': 0.01}",0.0,0.0,0.0,0.0,0.0,0.0,0.0,0.0,0.0,0.0,0.0,0.0,94
33.89010751247406,5.898265529434766,0.2119704008102417,0.2375149120305434,64,0.01,20,64,1,0.1,2,0.0,"{'batch_size': 64, 'dropout': 0.01, 'epochs': 20, 'hidden_dim': 64, 'input_dim': 1, 'learning_rate': 0.1, 'output_dim': 2, 'weight_decay': 0.0}",0.3323353293413174,0.0,0.0,0.0,0.0,0.0,0.8427947598253275,0.0,0.7150537634408602,0.42857142857142855,0.2318755281178934,0.31273991221406433,12
33.330868172645566,5.818504291181738,0.23867399692535402,0.284904797478496,64,0.01,20,64,1,0.1,2,0.01,"{'batch_size': 64, 'dropout': 0.01, 'epochs': 20, 'hidden_dim': 64, 'input_dim': 1, 'learning_rate': 0.1, 'output_dim': 2, 'weight_decay': 0.01}",0.0,0.0,0.0,0.0,0.0,0.0,0.0,0.0,0.0,0.0,0.0,0.0,94
33.409267163276674,6.331455308283635,0.20955781936645507,0.23960839563682904,64,0.01,20,64,1,0.01,2,0.0,"{'batch_size': 64, 'dropout': 0.01, 'epochs': 20, 'hidden_dim': 64, 'input_dim': 1, 'learning_rate': 0.01, 'output_dim': 2, 'weight_decay': 0.0}",0.0,0.02717391304347826,0.3157894736842105,0.0,0.0,0.0,0.0,0.0,0.0,0.0,0.03429633867276888,0.09418015968147037,72
33.53708822727204,5.051044410722551,0.23003437519073486,0.23961906933551663,64,0.01,20,64,1,0.01,2,0.01,"{'batch_size': 64, 'dropout': 0.01, 'epochs': 20, 'hidden_dim': 64, 'input_dim': 1, 'learning_rate': 0.01, 'output_dim': 2, 'weight_decay': 0.01}",0.0,0.0,0.0,0.0,0.0,0.0,0.0,0.0,0.0,0.0,0.0,0.0,94
43.331448101997374,6.685965016536603,0.19435577392578124,0.20054850624443593,64,0.01,40,16,1,0.1,2,0.0,"{'batch_size': 64, 'dropout': 0.01, 'epochs': 40, 'hidden_dim': 16, 'input_dim': 1, 'learning_rate': 0.1, 'output_dim': 2, 'weight_decay': 0.0}",0.8173652694610778,0.7445652173913043,0.1368421052631579,0.06862745098039216,0.2923076923076923,0.7241379310344828,0.8165938864628821,0.0,0.12007168458781362,0.0,0.37205112374888033,0.33952036222242593,1
42.8109228849411,6.436155361112446,0.19573838710784913,0.2023664952645856,64,0.01,40,16,1,0.1,2,0.01,"{'batch_size': 64, 'dropout': 0.01, 'epochs': 40, 'hidden_dim': 16, 'input_dim': 1, 'learning_rate': 0.1, 'output_dim': 2, 'weight_decay': 0.01}",0.0,0.0,0.0,0.0,0.0,0.0,0.0,0.0,0.0,0.0,0.0,0.0,94
43.83438413143158,5.93267841439322,0.21639227867126465,0.19212123594619734,64,0.01,40,16,1,0.01,2,0.0,"{'batch_size': 64, 'dropout': 0.01, 'epochs': 40, 'hidden_dim': 16, 'input_dim': 1, 'learning_rate': 0.01, 'output_dim': 2, 'weight_decay': 0.0}",0.0,0.0,0.06315789473684211,0.058823529411764705,0.0,0.06896551724137931,0.7336244541484717,0.0,0.08960573476702509,0.0,0.10141771303054829,0.21344410793290428,46
49.94884345531464,9.68264079973829,0.2613375186920166,0.32088617739648884,64,0.01,40,16,1,0.01,2,0.01,"{'batch_size': 64, 'dropout': 0.01, 'epochs': 40, 'hidden_dim': 16, 'input_dim': 1, 'learning_rate': 0.01, 'output_dim': 2, 'weight_decay': 0.01}",0.0,0.0,0.0,0.0,0.0,0.0,0.0,0.0,0.0,0.0,0.0,0.0,94
51.9958291053772,8.070261011840488,0.2673166513442993,0.32102647432830606,64,0.01,40,32,1,0.1,2,0.0,"{'batch_size': 64, 'dropout': 0.01, 'epochs': 40, 'hidden_dim': 32, 'input_dim': 1, 'learning_rate': 0.1, 'output_dim': 2, 'weight_decay': 0.0}",0.005988023952095809,0.22282608695652173,0.0,0.0,0.40384615384615385,0.0,0.8427947598253275,0.0,0.0,1.0,0.2475455024580099,0.36197987330135956,9
55.40447008609772,7.887041116963633,0.22442736625671386,0.22024831023391625,64,0.01,40,32,1,0.1,2,0.01,"{'batch_size': 64, 'dropout': 0.01, 'epochs': 40, 'hidden_dim': 32, 'input_dim': 1, 'learning_rate': 0.1, 'output_dim': 2, 'weight_decay': 0.01}",0.0,0.0,0.0,0.0,0.0,0.0,0.0,0.0,0.0,0.0,0.0,0.0,94
54.37194559574127,7.536133308867224,0.2793497323989868,0.3496716170344795,64,0.01,40,32,1,0.01,2,0.0,"{'batch_size': 64, 'dropout': 0.01, 'epochs': 40, 'hidden_dim': 32, 'input_dim': 1, 'learning_rate': 0.01, 'output_dim': 2, 'weight_decay': 0.0}",0.0,0.6141304347826086,0.06315789473684211,0.0392156862745098,0.06923076923076923,0.3448275862068966,0.10480349344978165,0.0,0.012544802867383513,0.0,0.12479106675487917,0.1902090915706866,36
68.20922582149505,12.961376780593955,0.3063149929046631,0.41583729870500824,64,0.01,40,32,1,0.01,2,0.01,"{'batch_size': 64, 'dropout': 0.01, 'epochs': 40, 'hidden_dim': 32, 'input_dim': 1, 'learning_rate': 0.01, 'output_dim': 2, 'weight_decay': 0.01}",0.0,0.0,0.0,0.0,0.0,0.0,0.0,0.0,0.0,0.0,0.0,0.0,94
75.09007136821747,12.306693185849184,0.2558162689208984,0.28335616939968383,64,0.01,40,64,1,0.1,2,0.0,"{'batch_size': 64, 'dropout': 0.01, 'epochs': 40, 'hidden_dim': 64, 'input_dim': 1, 'learning_rate': 0.1, 'output_dim': 2, 'weight_decay': 0.0}",0.0,0.0,0.06315789473684211,0.0196078431372549,0.0,0.0,0.0,0.0,0.24372759856630824,0.0,0.032649333644040525,0.07288123188378881,75
76.62711825370789,13.561814932309863,0.24397084712982178,0.29997976526943726,64,0.01,40,64,1,0.1,2,0.01,"{'batch_size': 64, 'dropout': 0.01, 'epochs': 40, 'hidden_dim': 64, 'input_dim': 1, 'learning_rate': 0.1, 'output_dim': 2, 'weight_decay': 0.01}",0.0,0.0,0.0,0.0,0.0,0.0,0.0,0.0,0.0,0.0,0.0,0.0,94
75.99904799461365,13.217251674871449,0.2550978183746338,0.26008938885372485,64,0.01,40,64,1,0.01,2,0.0,"{'batch_size': 64, 'dropout': 0.01, 'epochs': 40, 'hidden_dim': 64, 'input_dim': 1, 'learning_rate': 0.01, 'output_dim': 2, 'weight_decay': 0.0}",0.31736526946107785,0.021739130434782608,0.3263157894736842,0.0,0.3576923076923077,0.0,0.31877729257641924,0.0,0.7275985663082437,0.0,0.20694883559465152,0.23202575630963646,17
99.23855423927307,17.16761135885532,0.316102123260498,0.40361215494480857,64,0.01,40,64,1,0.01,2,0.01,"{'batch_size': 64, 'dropout': 0.01, 'epochs': 40, 'hidden_dim': 64, 'input_dim': 1, 'learning_rate': 0.01, 'output_dim': 2, 'weight_decay': 0.01}",0.0,0.0,0.0,0.0,0.0,0.0,0.0,0.0,0.0,0.0,0.0,0.0,94
12.442629528045654,1.9527020517433957,0.20131158828735352,0.22166964391245053,64,0.1,10,16,1,0.1,2,0.0,"{'batch_size': 64, 'dropout': 0.1, 'epochs': 10, 'hidden_dim': 16, 'input_dim': 1, 'learning_rate': 0.1, 'output_dim': 2, 'weight_decay': 0.0}",0.0,0.0,0.0,0.0,0.7961538461538461,0.0,0.0,0.0,0.01971326164874552,0.0,0.08158671078025917,0.23826154655566587,56
11.106970763206482,1.7115115073868266,0.209253191947937,0.21550247379741788,64,0.1,10,16,1,0.1,2,0.01,"{'batch_size': 64, 'dropout': 0.1, 'epochs': 10, 'hidden_dim': 16, 'input_dim': 1, 'learning_rate': 0.1, 'output_dim': 2, 'weight_decay': 0.01}",0.0,0.0,0.0,0.0,0.0,0.0,0.0,0.0,0.0,0.0,0.0,0.0,94
10.755022597312927,1.9297991702958701,0.22365183830261232,0.2414318485011464,64,0.1,10,16,1,0.01,2,0.0,"{'batch_size': 64, 'dropout': 0.1, 'epochs': 10, 'hidden_dim': 16, 'input_dim': 1, 'learning_rate': 0.01, 'output_dim': 2, 'weight_decay': 0.0}",0.0,0.0,0.0,0.0,0.0,0.0,0.0,0.0,0.0,0.0,0.0,0.0,94
10.159671735763549,1.7328333258773199,0.23974807262420655,0.3367514506419195,64,0.1,10,16,1,0.01,2,0.01,"{'batch_size': 64, 'dropout': 0.1, 'epochs': 10, 'hidden_dim': 16, 'input_dim': 1, 'learning_rate': 0.01, 'output_dim': 2, 'weight_decay': 0.01}",0.0,0.0,0.0,0.0,0.0,0.0,0.0,0.0,0.0,0.0,0.0,0.0,94
11.326855444908142,1.807509109615858,0.19729087352752686,0.20146047753670973,64,0.1,10,32,1,0.1,2,0.0,"{'batch_size': 64, 'dropout': 0.1, 'epochs': 10, 'hidden_dim': 32, 'input_dim': 1, 'learning_rate': 0.1, 'output_dim': 2, 'weight_decay': 0.0}",0.0,0.0,0.0,0.0196078431372549,0.0,0.0,0.0,0.0,0.0,0.0,0.00196078431372549,0.0058823529411764705,90
11.559588289260864,1.833314108662446,0.16893360614776612,0.15358054137276306,64,0.1,10,32,1,0.1,2,0.01,"{'batch_size': 64, 'dropout': 0.1, 'epochs': 10, 'hidden_dim': 32, 'input_dim': 1, 'learning_rate': 0.1, 'output_dim': 2, 'weight_decay': 0.01}",0.0,0.0,0.0,0.0,0.0,0.0,0.0,0.0,0.0,0.0,0.0,0.0,94
11.85369427204132,1.6617949269689112,0.21106929779052735,0.23454703203121927,64,0.1,10,32,1,0.01,2,0.0,"{'batch_size': 64, 'dropout': 0.1, 'epochs': 10, 'hidden_dim': 32, 'input_dim': 1, 'learning_rate': 0.01, 'output_dim': 2, 'weight_decay': 0.0}",0.0,0.0,0.0,0.0,0.0,0.0,0.0,0.0,0.0,0.0,0.0,0.0,94
11.455087995529174,1.7860273966792728,0.1744704246520996,0.17266398883447676,64,0.1,10,32,1,0.01,2,0.01,"{'batch_size': 64, 'dropout': 0.1, 'epochs': 10, 'hidden_dim': 32, 'input_dim': 1, 'learning_rate': 0.01, 'output_dim': 2, 'weight_decay': 0.01}",0.0,0.0,0.0,0.0,0.0,0.0,0.0,0.0,0.0,0.0,0.0,0.0,94
15.864108228683472,2.849530762621014,0.2552028656005859,0.29936861169091444,64,0.1,10,64,1,0.1,2,0.0,"{'batch_size': 64, 'dropout': 0.1, 'epochs': 10, 'hidden_dim': 64, 'input_dim': 1, 'learning_rate': 0.1, 'output_dim': 2, 'weight_decay': 0.0}",0.17065868263473055,0.0,0.0,0.0,0.0,0.0,0.0,0.0,0.0,0.0,0.017065868263473054,0.05119760479041917,79
15.693932294845581,2.594386176805414,0.26724059581756593,0.3343277230748287,64,0.1,10,64,1,0.1,2,0.01,"{'batch_size': 64, 'dropout': 0.1, 'epochs': 10, 'hidden_dim': 64, 'input_dim': 1, 'learning_rate': 0.1, 'output_dim': 2, 'weight_decay': 0.01}",0.0,0.0,0.0,0.0,0.0,0.0,0.0,0.0,0.0,0.0,0.0,0.0,94
15.638273000717163,2.7431387526052324,0.21993496417999267,0.2735698299003039,64,0.1,10,64,1,0.01,2,0.0,"{'batch_size': 64, 'dropout': 0.1, 'epochs': 10, 'hidden_dim': 64, 'input_dim': 1, 'learning_rate': 0.01, 'output_dim': 2, 'weight_decay': 0.0}",0.0,0.0,0.0,0.0,0.0,0.0,0.0,0.0,0.0,0.0,0.0,0.0,94
16.032434725761412,2.8206231186737485,0.23156843185424805,0.26576384107138756,64,0.1,10,64,1,0.01,2,0.01,"{'batch_size': 64, 'dropout': 0.1, 'epochs': 10, 'hidden_dim': 64, 'input_dim': 1, 'learning_rate': 0.01, 'output_dim': 2, 'weight_decay': 0.01}",0.0,0.0,0.0,0.0,0.0,0.0,0.0,0.0,0.0,0.0,0.0,0.0,94
20.104151606559753,2.8259327986272718,0.16067767143249512,0.15896530543786097,64,0.1,20,16,1,0.1,2,0.0,"{'batch_size': 64, 'dropout': 0.1, 'epochs': 20, 'hidden_dim': 16, 'input_dim': 1, 'learning_rate': 0.1, 'output_dim': 2, 'weight_decay': 0.0}",0.0,0.0,0.06315789473684211,0.16666666666666666,0.4423076923076923,0.0,0.8427947598253275,0.0,0.0,0.0,0.15149270135365284,0.26612129070682883,29
19.910611033439636,2.7406279813646903,0.19835107326507567,0.2020363778841586,64,0.1,20,16,1,0.1,2,0.01,"{'batch_size': 64, 'dropout': 0.1, 'epochs': 20, 'hidden_dim': 16, 'input_dim': 1, 'learning_rate': 0.1, 'output_dim': 2, 'weight_decay': 0.01}",0.0,0.0,0.0,0.0,0.0,0.0,0.0,0.0,0.0,0.0,0.0,0.0,94
20.126619744300843,2.5975555562712076,0.20245072841644288,0.20064006084447292,64,0.1,20,16,1,0.01,2,0.0,"{'batch_size': 64, 'dropout': 0.1, 'epochs': 20, 'hidden_dim': 16, 'input_dim': 1, 'learning_rate': 0.01, 'output_dim': 2, 'weight_decay': 0.0}",0.0,0.0,0.0,0.0,0.0,0.06896551724137931,0.0,0.0,0.0,0.0,0.006896551724137931,0.02068965517241379,84
20.160865712165833,2.2454991768022925,0.19276621341705322,0.1861819213063625,64,0.1,20,16,1,0.01,2,0.01,"{'batch_size': 64, 'dropout': 0.1, 'epochs': 20, 'hidden_dim': 16, 'input_dim': 1, 'learning_rate': 0.01, 'output_dim': 2, 'weight_decay': 0.01}",0.0,0.0,0.0,0.0,0.0,0.0,0.0,0.0,0.0,0.0,0.0,0.0,94
23.911253762245178,3.758135748866563,0.2495351552963257,0.31151004646151725,64,0.1,20,32,1,0.1,2,0.0,"{'batch_size': 64, 'dropout': 0.1, 'epochs': 20, 'hidden_dim': 32, 'input_dim': 1, 'learning_rate': 0.1, 'output_dim': 2, 'weight_decay': 0.0}",0.0,0.0,0.0,0.0196078431372549,0.0,0.0,0.0,0.0,0.0,0.0,0.00196078431372549,0.0058823529411764705,90
24.73973925113678,2.520191628550184,0.21556565761566163,0.25359589112443837,64,0.1,20,32,1,0.1,2,0.01,"{'batch_size': 64, 'dropout': 0.1, 'epochs': 20, 'hidden_dim': 32, 'input_dim': 1, 'learning_rate': 0.1, 'output_dim': 2, 'weight_decay': 0.01}",0.0,0.0,0.0,0.0,0.0,0.0,0.0,0.0,0.0,0.0,0.0,0.0,94
24.435515570640565,3.8820054644758173,0.2037102222442627,0.20157966439667308,64,0.1,20,32,1,0.01,2,0.0,"{'batch_size': 64, 'dropout': 0.1, 'epochs': 20, 'hidden_dim': 32, 'input_dim': 1, 'learning_rate': 0.01, 'output_dim': 2, 'weight_decay': 0.0}",0.0,0.0,0.0,0.0392156862745098,0.0,0.0,0.0,0.0,0.0,0.0,0.00392156862745098,0.011764705882352941,88
25.969323682785035,4.015765769242601,0.22402353286743165,0.27239385993180226,64,0.1,20,32,1,0.01,2,0.01,"{'batch_size': 64, 'dropout': 0.1, 'epochs': 20, 'hidden_dim': 32, 'input_dim': 1, 'learning_rate': 0.01, 'output_dim': 2, 'weight_decay': 0.01}",0.0,0.0,0.0,0.0,0.0,0.0,0.0,0.0,0.0,0.0,0.0,0.0,94
35.11119630336761,5.628937537230857,0.3098698616027832,0.3677628651856956,64,0.1,20,64,1,0.1,2,0.0,"{'batch_size': 64, 'dropout': 0.1, 'epochs': 20, 'hidden_dim': 64, 'input_dim': 1, 'learning_rate': 0.1, 'output_dim': 2, 'weight_decay': 0.0}",0.0,0.0,0.0,0.0,0.0,0.0,0.0,0.0,0.0,0.0,0.0,0.0,94
35.11011981964111,6.515632329070027,0.23662209510803223,0.2595258563625456,64,0.1,20,64,1,0.1,2,0.01,"{'batch_size': 64, 'dropout': 0.1, 'epochs': 20, 'hidden_dim': 64, 'input_dim': 1, 'learning_rate': 0.1, 'output_dim': 2, 'weight_decay': 0.01}",0.0,0.0,0.0,0.0,0.0,0.0,0.0,0.0,0.0,0.0,0.0,0.0,94
36.653805184364316,6.957917369960907,0.2388622999191284,0.2612030737845821,64,0.1,20,64,1,0.01,2,0.0,"{'batch_size': 64, 'dropout': 0.1, 'epochs': 20, 'hidden_dim': 64, 'input_dim': 1, 'learning_rate': 0.01, 'output_dim': 2, 'weight_decay': 0.0}",0.0,0.0,0.0,0.09803921568627451,0.0,0.0,0.44541484716157204,0.0,0.6164874551971327,0.0,0.11599415180449793,0.21295925050847966,43
34.739185094833374,6.147425951651732,0.262519907951355,0.2999182022079733,64,0.1,20,64,1,0.01,2,0.01,"{'batch_size': 64, 'dropout': 0.1, 'epochs': 20, 'hidden_dim': 64, 'input_dim': 1, 'learning_rate': 0.01, 'output_dim': 2, 'weight_decay': 0.01}",0.0,0.0,0.0,0.0,0.0,0.0,0.0,0.0,0.0,0.0,0.0,0.0,94
42.68951854705811,6.298763812518364,0.19039433002471923,0.1658052847679407,64,0.1,40,16,1,0.1,2,0.0,"{'batch_size': 64, 'dropout': 0.1, 'epochs': 40, 'hidden_dim': 16, 'input_dim': 1, 'learning_rate': 0.1, 'output_dim': 2, 'weight_decay': 0.0}",0.08982035928143713,0.09782608695652174,0.0,0.0,0.019230769230769232,0.06896551724137931,0.5502183406113537,0.0,0.3548387096774194,0.0,0.11808997829988806,0.17662446256569805,41
42.84805772304535,6.743104226675274,0.19516444206237793,0.20357769816209711,64,0.1,40,16,1,0.1,2,0.01,"{'batch_size': 64, 'dropout': 0.1, 'epochs': 40, 'hidden_dim': 16, 'input_dim': 1, 'learning_rate': 0.1, 'output_dim': 2, 'weight_decay': 0.01}",0.0,0.0,0.0,0.0,0.0,0.0,0.0,0.0,0.0,0.0,0.0,0.0,94
42.637466239929196,6.5226510823660595,0.23151760101318358,0.2220599251425943,64,0.1,40,16,1,0.01,2,0.0,"{'batch_size': 64, 'dropout': 0.1, 'epochs': 40, 'hidden_dim': 16, 'input_dim': 1, 'learning_rate': 0.01, 'output_dim': 2, 'weight_decay': 0.0}",0.0,0.0,0.0,0.10784313725490197,0.026923076923076925,0.0,0.2925764192139738,0.0,0.0,0.0,0.04273426333919527,0.08927137434397411,69
47.88415310382843,8.223918999078956,0.23136062622070314,0.23519911627488643,64,0.1,40,16,1,0.01,2,0.01,"{'batch_size': 64, 'dropout': 0.1, 'epochs': 40, 'hidden_dim': 16, 'input_dim': 1, 'learning_rate': 0.01, 'output_dim': 2, 'weight_decay': 0.01}",0.0,0.0,0.0,0.0,0.0,0.0,0.0,0.0,0.0,0.0,0.0,0.0,94
52.84943804740906,8.131476332467773,0.20041072368621826,0.18794589555669022,64,0.1,40,32,1,0.1,2,0.0,"{'batch_size': 64, 'dropout': 0.1, 'epochs': 40, 'hidden_dim': 32, 'input_dim': 1, 'learning_rate': 0.1, 'output_dim': 2, 'weight_decay': 0.0}",0.7425149700598802,0.6521739130434783,0.031578947368421054,0.0,0.06923076923076923,0.0,0.8427947598253275,0.0,0.0017921146953405018,0.0,0.23400854742232163,0.3384014833211746,10
55.92552335262299,9.008733587940702,0.2252821445465088,0.22651318675679258,64,0.1,40,32,1,0.1,2,0.01,"{'batch_size': 64, 'dropout': 0.1, 'epochs': 40, 'hidden_dim': 32, 'input_dim': 1, 'learning_rate': 0.1, 'output_dim': 2, 'weight_decay': 0.01}",0.0,0.0,0.0,0.0,0.0,0.0,0.0,0.0,0.0,0.0,0.0,0.0,94
56.314778566360474,9.210723117448685,0.19934868812561035,0.19054453471331265,64,0.1,40,32,1,0.01,2,0.0,"{'batch_size': 64, 'dropout': 0.1, 'epochs': 40, 'hidden_dim': 32, 'input_dim': 1, 'learning_rate': 0.01, 'output_dim': 2, 'weight_decay': 0.0}",0.0,0.0,0.0,0.1323529411764706,0.015384615384615385,0.3103448275862069,0.6812227074235808,0.0,0.06451612903225806,0.0,0.12038212206031318,0.20913537585389194,39
65.79309015274048,10.806372881415292,0.28138113021850586,0.2744453639346493,64,0.1,40,32,1,0.01,2,0.01,"{'batch_size': 64, 'dropout': 0.1, 'epochs': 40, 'hidden_dim': 32, 'input_dim': 1, 'learning_rate': 0.01, 'output_dim': 2, 'weight_decay': 0.01}",0.0,0.0,0.0,0.0,0.0,0.0,0.0,0.0,0.0,0.0,0.0,0.0,94
76.13680739402771,12.091839877929395,0.24916470050811768,0.264061463284833,64,0.1,40,64,1,0.1,2,0.0,"{'batch_size': 64, 'dropout': 0.1, 'epochs': 40, 'hidden_dim': 64, 'input_dim': 1, 'learning_rate': 0.1, 'output_dim': 2, 'weight_decay': 0.0}",0.15868263473053892,0.0,0.0,0.0,0.0,0.0,0.0,0.0,0.0017921146953405018,0.0,0.01604747494258794,0.047548055396385056,80
74.18512752056122,11.856714410271822,0.2571370601654053,0.32248953897313265,64,0.1,40,64,1,0.1,2,0.01,"{'batch_size': 64, 'dropout': 0.1, 'epochs': 40, 'hidden_dim': 64, 'input_dim': 1, 'learning_rate': 0.1, 'output_dim': 2, 'weight_decay': 0.01}",0.0,0.0,0.0,0.0,0.0,0.0,0.0,0.0,0.0,0.0,0.0,0.0,94
78.53620972633362,13.175997470296341,0.2442399501800537,0.2966245113519508,64,0.1,40,64,1,0.01,2,0.0,"{'batch_size': 64, 'dropout': 0.1, 'epochs': 40, 'hidden_dim': 64, 'input_dim': 1, 'learning_rate': 0.01, 'output_dim': 2, 'weight_decay': 0.0}",0.04491017964071856,0.5815217391304348,0.0,0.0392156862745098,0.019230769230769232,0.5172413793103449,0.8209606986899564,0.0,0.10931899641577061,0.0,0.21323994486925044,0.2899733031186054,15
91.86099681854247,17.08735620035303,0.30077242851257324,0.38073216653052405,64,0.1,40,64,1,0.01,2,0.01,"{'batch_size': 64, 'dropout': 0.1, 'epochs': 40, 'hidden_dim': 64, 'input_dim': 1, 'learning_rate': 0.01, 'output_dim': 2, 'weight_decay': 0.01}",0.0,0.0,0.0,0.0,0.0,0.0,0.0,0.0,0.0,0.0,0.0,0.0,94
