mean_fit_time,std_fit_time,mean_score_time,std_score_time,param_batch_size,param_dropout,param_epochs,param_hidden_dim,param_input_dim,param_learning_rate,param_num_relations,param_output_dim,param_weight_decay,params,Picohttpparser_test_score,CSimpleJSONParser_test_score,Benoitc_HTTP_test_score,CParserXML_test_score,cJSON_test_score,YACC_Calculator_test_score,ELF_Parser_test_score,Network_Packet_Analyzer_test_score,Packcc_test_score,PCAP_Parser_test_score,mean_test_score,std_test_score,rank_test_score
8.425050282478333,1.0253405497891035,0.13968229293823242,0.12605650688198167,32,0,10,16,1,0.1,1,2,0.0,"{'batch_size': 32, 'dropout': 0, 'epochs': 10, 'hidden_dim': 16, 'input_dim': 1, 'learning_rate': 0.1, 'num_relations': 1, 'output_dim': 2, 'weight_decay': 0.0}",0.0,0.14652014652014653,0.6494845360824741,0.40625,0.4935064935064935,0.6486486486486487,0.48910411622276034,0.0,0.4608150470219435,0.0,0.3294328988002466,0.2527734366823169,2
8.78511803150177,1.155184234913987,0.14504542350769042,0.12746933050383355,32,0,10,16,1,0.1,1,2,0.01,"{'batch_size': 32, 'dropout': 0, 'epochs': 10, 'hidden_dim': 16, 'input_dim': 1, 'learning_rate': 0.1, 'num_relations': 1, 'output_dim': 2, 'weight_decay': 0.01}",0.0,0.0,0.0,0.0,0.0,0.0,0.0,0.0,0.0,0.0,0.0,0.0,51
8.473317432403565,1.1160034363019034,0.13977477550506592,0.1266327973278979,32,0,10,16,1,0.01,1,2,0.0,"{'batch_size': 32, 'dropout': 0, 'epochs': 10, 'hidden_dim': 16, 'input_dim': 1, 'learning_rate': 0.01, 'num_relations': 1, 'output_dim': 2, 'weight_decay': 0.0}",0.0,0.0,0.3577235772357724,0.5633802816901409,0.5029239766081871,0.0,0.6771929824561405,0.0,0.4327979712595097,0.0,0.253401878924975,0.2649670399770744,14
8.771700501441956,1.1661691754118735,0.14009509086608887,0.12887307042884044,32,0,10,16,1,0.01,1,2,0.01,"{'batch_size': 32, 'dropout': 0, 'epochs': 10, 'hidden_dim': 16, 'input_dim': 1, 'learning_rate': 0.01, 'num_relations': 1, 'output_dim': 2, 'weight_decay': 0.01}",0.0,0.0,0.0,0.0,0.2788461538461539,0.0,0.0,0.0,0.0,0.0,0.02788461538461539,0.08365384615384618,45
9.129794025421143,1.1429328946488908,0.14767088890075683,0.13639728559979006,32,0,10,32,1,0.1,1,2,0.0,"{'batch_size': 32, 'dropout': 0, 'epochs': 10, 'hidden_dim': 32, 'input_dim': 1, 'learning_rate': 0.1, 'num_relations': 1, 'output_dim': 2, 'weight_decay': 0.0}",0.0,0.14652014652014653,0.0,0.4944649446494465,0.26699029126213597,0.08333333333333333,0.0,0.0,0.0,0.0,0.09913087157650623,0.15681922646824029,30
9.02327721118927,1.131876925276664,0.1439777135848999,0.1343562764630665,32,0,10,32,1,0.1,1,2,0.01,"{'batch_size': 32, 'dropout': 0, 'epochs': 10, 'hidden_dim': 32, 'input_dim': 1, 'learning_rate': 0.1, 'num_relations': 1, 'output_dim': 2, 'weight_decay': 0.01}",0.0,0.0,0.0,0.0,0.0,0.0,0.0,0.0,0.0,0.0,0.0,0.0,51
8.939426612854003,0.9644036544555235,0.14831349849700928,0.14103204931062385,32,0,10,32,1,0.01,1,2,0.0,"{'batch_size': 32, 'dropout': 0, 'epochs': 10, 'hidden_dim': 32, 'input_dim': 1, 'learning_rate': 0.01, 'num_relations': 1, 'output_dim': 2, 'weight_decay': 0.0}",0.0,0.14652014652014653,0.40944881889763785,0.1111111111111111,0.5029239766081871,0.641025641025641,0.472636815920398,0.0,0.30947775628626695,0.0,0.2593144266369388,0.2262809954733138,12
9.123740482330323,1.1355052200151068,0.1439836025238037,0.13392473825119966,32,0,10,32,1,0.01,1,2,0.01,"{'batch_size': 32, 'dropout': 0, 'epochs': 10, 'hidden_dim': 32, 'input_dim': 1, 'learning_rate': 0.01, 'num_relations': 1, 'output_dim': 2, 'weight_decay': 0.01}",0.0,0.0,0.0,0.0,0.2945368171021378,0.0,0.0,0.0,0.0,0.0,0.02945368171021378,0.08836104513064134,44
21.214901661872865,2.4968313931193213,0.14588193893432616,0.1342341050064114,32,0,25,16,1,0.1,1,2,0.0,"{'batch_size': 32, 'dropout': 0, 'epochs': 25, 'hidden_dim': 16, 'input_dim': 1, 'learning_rate': 0.1, 'num_relations': 1, 'output_dim': 2, 'weight_decay': 0.0}",0.0,0.14652014652014653,0.34782608695652173,0.3481781376518219,0.4874551971326165,0.0,0.0,0.0,0.43973941368078173,0.0,0.17697189819418885,0.1953130690183927,22
23.00907258987427,2.934286617140953,0.1511460304260254,0.13346162582440554,32,0,25,16,1,0.1,1,2,0.01,"{'batch_size': 32, 'dropout': 0, 'epochs': 25, 'hidden_dim': 16, 'input_dim': 1, 'learning_rate': 0.1, 'num_relations': 1, 'output_dim': 2, 'weight_decay': 0.01}",0.0,0.0,0.0,0.0,0.0,0.0,0.0,0.0,0.0,0.0,0.0,0.0,51
22.2228786945343,2.07100846070895,0.15263144969940184,0.14735044048415671,32,0,25,16,1,0.01,1,2,0.0,"{'batch_size': 32, 'dropout': 0, 'epochs': 25, 'hidden_dim': 16, 'input_dim': 1, 'learning_rate': 0.01, 'num_relations': 1, 'output_dim': 2, 'weight_decay': 0.0}",0.0,0.17328519855595667,0.47297297297297297,0.460377358490566,0.39655172413793105,0.32727272727272727,0.1605351170568562,0.0,0.4290429042904291,0.0,0.2420038002777439,0.18821003091951258,15
24.670144844055176,4.2605782893286115,0.15016372203826905,0.13264562709382535,32,0,25,16,1,0.01,1,2,0.01,"{'batch_size': 32, 'dropout': 0, 'epochs': 25, 'hidden_dim': 16, 'input_dim': 1, 'learning_rate': 0.01, 'num_relations': 1, 'output_dim': 2, 'weight_decay': 0.01}",0.0,0.0,0.0,0.5633802816901409,0.0,0.0,0.0,0.0,0.152046783625731,0.0,0.07154270653158719,0.17009761245518534,34
23.86007993221283,3.2386112753081218,0.15178701877593995,0.13891342510416727,32,0,25,32,1,0.1,1,2,0.0,"{'batch_size': 32, 'dropout': 0, 'epochs': 25, 'hidden_dim': 32, 'input_dim': 1, 'learning_rate': 0.1, 'num_relations': 1, 'output_dim': 2, 'weight_decay': 0.0}",0.0,0.21527777777777776,0.34782608695652173,0.0,0.48225214198286404,0.641025641025641,0.0,0.0,0.0,0.0,0.16863816477428045,0.22943848916157134,24
25.747847151756286,2.578384955306849,0.18105795383453369,0.2032167525038348,32,0,25,32,1,0.1,1,2,0.01,"{'batch_size': 32, 'dropout': 0, 'epochs': 25, 'hidden_dim': 32, 'input_dim': 1, 'learning_rate': 0.1, 'num_relations': 1, 'output_dim': 2, 'weight_decay': 0.01}",0.0,0.0,0.0,0.0,0.30588235294117644,0.0,0.0,0.0,0.0,0.0,0.030588235294117645,0.09176470588235293,43
23.779688835144043,2.8584929960597507,0.15298337936401368,0.14304268365632025,32,0,25,32,1,0.01,1,2,0.0,"{'batch_size': 32, 'dropout': 0, 'epochs': 25, 'hidden_dim': 32, 'input_dim': 1, 'learning_rate': 0.01, 'num_relations': 1, 'output_dim': 2, 'weight_decay': 0.0}",0.0,0.14652014652014653,0.40944881889763785,0.39370078740157477,0.4938704028021016,0.6666666666666666,0.4473684210526316,0.0,0.405240174672489,0.0,0.2962815418013248,0.227815671331878,6
32.21782851219177,5.120594663264532,0.19035918712615968,0.20551902402813335,32,0,25,32,1,0.01,1,2,0.01,"{'batch_size': 32, 'dropout': 0, 'epochs': 25, 'hidden_dim': 32, 'input_dim': 1, 'learning_rate': 0.01, 'num_relations': 1, 'output_dim': 2, 'weight_decay': 0.01}",0.0,0.0,0.0,0.0,0.0,0.0,0.0,0.0,0.0,0.0,0.0,0.0,51
9.586925220489501,1.008689863273782,0.14579851627349855,0.1365502115544249,32,0.1,10,16,1,0.1,1,2,0.0,"{'batch_size': 32, 'dropout': 0.1, 'epochs': 10, 'hidden_dim': 16, 'input_dim': 1, 'learning_rate': 0.1, 'num_relations': 1, 'output_dim': 2, 'weight_decay': 0.0}",0.45396145610278366,0.14652014652014653,0.0,0.0,0.25935162094763087,0.26415094339622647,0.472636815920398,0.0,0.0,0.0,0.15966209828871855,0.18249762864550673,25
9.641448402404786,1.2479072078695475,0.14382531642913818,0.12827408040436447,32,0.1,10,16,1,0.1,1,2,0.01,"{'batch_size': 32, 'dropout': 0.1, 'epochs': 10, 'hidden_dim': 16, 'input_dim': 1, 'learning_rate': 0.1, 'num_relations': 1, 'output_dim': 2, 'weight_decay': 0.01}",0.0,0.0,0.0,0.0,0.0,0.0,0.0,0.0,0.0,0.0,0.0,0.0,51
9.327211236953735,1.1031993568289278,0.14194467067718505,0.13109338049121375,32,0.1,10,16,1,0.01,1,2,0.0,"{'batch_size': 32, 'dropout': 0.1, 'epochs': 10, 'hidden_dim': 16, 'input_dim': 1, 'learning_rate': 0.01, 'num_relations': 1, 'output_dim': 2, 'weight_decay': 0.0}",0.0,0.0,0.34782608695652173,0.1111111111111111,0.36036036036036034,0.35714285714285715,0.296969696969697,0.0,0.34508348794063076,0.0,0.1818493600481178,0.16349953901326109,21
9.718989491462708,1.3285342188465619,0.14456775188446044,0.13108336876210894,32,0.1,10,16,1,0.01,1,2,0.01,"{'batch_size': 32, 'dropout': 0.1, 'epochs': 10, 'hidden_dim': 16, 'input_dim': 1, 'learning_rate': 0.01, 'num_relations': 1, 'output_dim': 2, 'weight_decay': 0.01}",0.0,0.0,0.0,0.0,0.0,0.0,0.0,0.0,0.0,0.0,0.0,0.0,51
10.801734352111817,1.3180894247608992,0.14884345531463622,0.14118194002564707,32,0.1,10,32,1,0.1,1,2,0.0,"{'batch_size': 32, 'dropout': 0.1, 'epochs': 10, 'hidden_dim': 32, 'input_dim': 1, 'learning_rate': 0.1, 'num_relations': 1, 'output_dim': 2, 'weight_decay': 0.0}",0.6802507836990594,0.14652014652014653,0.34782608695652173,0.0,0.24806201550387597,0.0,0.1605351170568562,0.0,0.5021037868162693,0.0,0.20852979365527294,0.22577865720377335,18
10.914009261131287,1.5065784738339576,0.14684197902679444,0.13313355248606584,32,0.1,10,32,1,0.1,1,2,0.01,"{'batch_size': 32, 'dropout': 0.1, 'epochs': 10, 'hidden_dim': 32, 'input_dim': 1, 'learning_rate': 0.1, 'num_relations': 1, 'output_dim': 2, 'weight_decay': 0.01}",0.0,0.0,0.0,0.0,0.25,0.0,0.30246913580246915,0.0,0.0,0.0,0.055246913580246915,0.11111496906882519,36
10.589956164360046,1.2860310384449216,0.14854774475097657,0.14419910665501612,32,0.1,10,32,1,0.01,1,2,0.0,"{'batch_size': 32, 'dropout': 0.1, 'epochs': 10, 'hidden_dim': 32, 'input_dim': 1, 'learning_rate': 0.01, 'num_relations': 1, 'output_dim': 2, 'weight_decay': 0.0}",0.4133016627078385,0.14652014652014653,0.34782608695652173,0.1111111111111111,0.43711340206185567,0.647887323943662,0.48910411622276034,0.0,0.36594202898550726,0.0,0.29588058785094035,0.20835651578869493,7
10.776615238189697,1.2931856924493406,0.14431958198547362,0.13835668425415296,32,0.1,10,32,1,0.01,1,2,0.01,"{'batch_size': 32, 'dropout': 0.1, 'epochs': 10, 'hidden_dim': 32, 'input_dim': 1, 'learning_rate': 0.01, 'num_relations': 1, 'output_dim': 2, 'weight_decay': 0.01}",0.0,0.0,0.0,0.0,0.0,0.0,0.0,0.0,0.0,0.0,0.0,0.0,51
23.823467564582824,3.0293648479240454,0.1471257448196411,0.13330102198909688,32,0.1,25,16,1,0.1,1,2,0.0,"{'batch_size': 32, 'dropout': 0.1, 'epochs': 25, 'hidden_dim': 16, 'input_dim': 1, 'learning_rate': 0.1, 'num_relations': 1, 'output_dim': 2, 'weight_decay': 0.0}",0.0,0.0,0.5324675324675325,0.0,0.36644591611479027,0.0,0.0,0.0,0.0,0.0,0.08989134485823227,0.18357552771681043,31
24.63638973236084,2.925257041651401,0.14812097549438477,0.14004782116469988,32,0.1,25,16,1,0.1,1,2,0.01,"{'batch_size': 32, 'dropout': 0.1, 'epochs': 25, 'hidden_dim': 16, 'input_dim': 1, 'learning_rate': 0.1, 'num_relations': 1, 'output_dim': 2, 'weight_decay': 0.01}",0.0,0.0,0.0,0.0,0.0,0.0,0.0,0.0,0.0,0.0,0.0,0.0,51
24.15096879005432,2.8170427220744227,0.1454094409942627,0.13292048485235258,32,0.1,25,16,1,0.01,1,2,0.0,"{'batch_size': 32, 'dropout': 0.1, 'epochs': 25, 'hidden_dim': 16, 'input_dim': 1, 'learning_rate': 0.01, 'num_relations': 1, 'output_dim': 2, 'weight_decay': 0.0}",0.4748858447488585,0.292358803986711,0.4580152671755725,0.368,0.4735576923076923,0.0,0.16608996539792387,0.0,0.41860465116279066,0.0,0.26515122247795486,0.1949905463058507,11
27.075711297988892,3.988720096372764,0.17724392414093018,0.18125946215476027,32,0.1,25,16,1,0.01,1,2,0.01,"{'batch_size': 32, 'dropout': 0.1, 'epochs': 25, 'hidden_dim': 16, 'input_dim': 1, 'learning_rate': 0.01, 'num_relations': 1, 'output_dim': 2, 'weight_decay': 0.01}",0.0,0.0,0.0,0.0,0.35665914221218964,0.0,0.0,0.0,0.0,0.0,0.03566591422121897,0.1069977426636569,41
27.83367078304291,2.651586632021446,0.15980217456817628,0.1594048864242791,32,0.1,25,32,1,0.1,1,2,0.0,"{'batch_size': 32, 'dropout': 0.1, 'epochs': 25, 'hidden_dim': 32, 'input_dim': 1, 'learning_rate': 0.1, 'num_relations': 1, 'output_dim': 2, 'weight_decay': 0.0}",0.0,0.0,0.37606837606837606,0.0,0.3659305993690852,0.35714285714285715,0.5115207373271891,0.0,0.44709626093874305,0.0,0.20577588308462508,0.2099988185943125,19
29.164979147911072,3.70745404378885,0.15832118988037108,0.15242144788864712,32,0.1,25,32,1,0.1,1,2,0.01,"{'batch_size': 32, 'dropout': 0.1, 'epochs': 25, 'hidden_dim': 32, 'input_dim': 1, 'learning_rate': 0.1, 'num_relations': 1, 'output_dim': 2, 'weight_decay': 0.01}",0.0,0.0,0.0,0.0,0.0,0.0,0.0,0.0,0.0,0.0,0.0,0.0,51
28.462834334373476,3.1514723323562936,0.1601116180419922,0.15461508634129098,32,0.1,25,32,1,0.01,1,2,0.0,"{'batch_size': 32, 'dropout': 0.1, 'epochs': 25, 'hidden_dim': 32, 'input_dim': 1, 'learning_rate': 0.01, 'num_relations': 1, 'output_dim': 2, 'weight_decay': 0.0}",0.38647342995169076,0.17328519855595667,0.5125,0.4944649446494465,0.4102564102564103,0.6268656716417911,0.45340050377833757,0.0,0.405240174672489,0.0,0.3462486333506122,0.20462713677495092,1
35.162747502326965,5.791817204554189,0.16898324489593505,0.16553371235357495,32,0.1,25,32,1,0.01,1,2,0.01,"{'batch_size': 32, 'dropout': 0.1, 'epochs': 25, 'hidden_dim': 32, 'input_dim': 1, 'learning_rate': 0.01, 'num_relations': 1, 'output_dim': 2, 'weight_decay': 0.01}",0.0,0.0,0.0,0.0,0.0,0.0,0.0,0.0,0.0,0.0,0.0,0.0,51
6.8200528383255,1.004129390320866,0.15064005851745604,0.1629095017297567,64,0,10,16,1,0.1,1,2,0.0,"{'batch_size': 64, 'dropout': 0, 'epochs': 10, 'hidden_dim': 16, 'input_dim': 1, 'learning_rate': 0.1, 'num_relations': 1, 'output_dim': 2, 'weight_decay': 0.0}",0.0,0.14652014652014653,0.0,0.4367816091954023,0.4117647058823529,0.16,0.0,0.0,0.3463687150837989,0.0,0.15014351766817008,0.17376335295138381,27
6.7132762432098385,0.927761331961067,0.1483220338821411,0.15124883988900142,64,0,10,16,1,0.1,1,2,0.01,"{'batch_size': 64, 'dropout': 0, 'epochs': 10, 'hidden_dim': 16, 'input_dim': 1, 'learning_rate': 0.1, 'num_relations': 1, 'output_dim': 2, 'weight_decay': 0.01}",0.0,0.0,0.0,0.0,0.25,0.0,0.0,0.0,0.0,0.0,0.025,0.07500000000000001,46
6.263414001464843,0.8164696682497867,0.14008994102478028,0.14676001041466066,64,0,10,16,1,0.01,1,2,0.0,"{'batch_size': 64, 'dropout': 0, 'epochs': 10, 'hidden_dim': 16, 'input_dim': 1, 'learning_rate': 0.01, 'num_relations': 1, 'output_dim': 2, 'weight_decay': 0.0}",0.4133016627078385,0.14652014652014653,0.7403846153846154,0.1111111111111111,0.4990825688073394,0.0,0.472636815920398,0.0,0.3911504424778761,0.0,0.2774187362929325,0.24670986236500286,10
6.154177284240722,0.7627944967702613,0.13946897983551027,0.14565065037912775,64,0,10,16,1,0.01,1,2,0.01,"{'batch_size': 64, 'dropout': 0, 'epochs': 10, 'hidden_dim': 16, 'input_dim': 1, 'learning_rate': 0.01, 'num_relations': 1, 'output_dim': 2, 'weight_decay': 0.01}",0.0,0.0,0.0,0.0,0.25,0.0,0.0,0.0,0.0,0.0,0.025,0.07500000000000001,46
6.803520917892456,0.8845349919622058,0.14942529201507568,0.16275336474407495,64,0,10,32,1,0.1,1,2,0.0,"{'batch_size': 64, 'dropout': 0, 'epochs': 10, 'hidden_dim': 32, 'input_dim': 1, 'learning_rate': 0.1, 'num_relations': 1, 'output_dim': 2, 'weight_decay': 0.0}",0.3667481662591687,0.21201413427561835,0.0,0.5428571428571428,0.0,0.0,0.472636815920398,0.0,0.434640522875817,0.0,0.20288967821881448,0.21789993500456079,20
6.960474872589112,0.9361994870224092,0.14744300842285157,0.15707616628839355,64,0,10,32,1,0.1,1,2,0.01,"{'batch_size': 64, 'dropout': 0, 'epochs': 10, 'hidden_dim': 32, 'input_dim': 1, 'learning_rate': 0.1, 'num_relations': 1, 'output_dim': 2, 'weight_decay': 0.01}",0.0,0.0,0.0,0.0,0.25,0.0,0.0,0.0,0.0,0.0,0.025,0.07500000000000001,46
7.6828041791915895,0.8740336732945145,0.16377623081207277,0.18132309229240043,64,0,10,32,1,0.01,1,2,0.0,"{'batch_size': 64, 'dropout': 0, 'epochs': 10, 'hidden_dim': 32, 'input_dim': 1, 'learning_rate': 0.01, 'num_relations': 1, 'output_dim': 2, 'weight_decay': 0.0}",0.32160804020100503,0.14652014652014653,0.0,0.5633802816901409,0.45942857142857146,0.641025641025641,0.472636815920398,0.0,0.4290429042904291,0.0,0.3033642401076332,0.23482982414447107,5
8.42737967967987,0.7849069654106162,0.18659627437591553,0.2204911628007584,64,0,10,32,1,0.01,1,2,0.01,"{'batch_size': 64, 'dropout': 0, 'epochs': 10, 'hidden_dim': 32, 'input_dim': 1, 'learning_rate': 0.01, 'num_relations': 1, 'output_dim': 2, 'weight_decay': 0.01}",0.0,0.0,0.0,0.0,0.0,0.0,0.0,0.0,0.0,0.0,0.0,0.0,51
20.1319561958313,1.9433546497982357,0.17757151126861573,0.19696371625763703,64,0,25,16,1,0.1,1,2,0.0,"{'batch_size': 64, 'dropout': 0, 'epochs': 25, 'hidden_dim': 16, 'input_dim': 1, 'learning_rate': 0.1, 'num_relations': 1, 'output_dim': 2, 'weight_decay': 0.0}",0.017804154302670624,0.17328519855595667,0.6494845360824741,0.5633802816901409,0.0,0.23076923076923075,0.48910411622276034,0.0,0.44051446945337625,0.0,0.25643419870766093,0.24464618163008342,13
21.29860830307007,3.0368333856393677,0.17879650592803956,0.18343652258626575,64,0,25,16,1,0.1,1,2,0.01,"{'batch_size': 64, 'dropout': 0, 'epochs': 25, 'hidden_dim': 16, 'input_dim': 1, 'learning_rate': 0.1, 'num_relations': 1, 'output_dim': 2, 'weight_decay': 0.01}",0.0,0.0,0.0,0.0,0.0,0.0,0.16608996539792387,0.0,0.0,0.0,0.016608996539792385,0.049826989619377156,49
20.56499171257019,2.8593374257815265,0.1715303897857666,0.17544077466900454,64,0,25,16,1,0.01,1,2,0.0,"{'batch_size': 64, 'dropout': 0, 'epochs': 25, 'hidden_dim': 16, 'input_dim': 1, 'learning_rate': 0.01, 'num_relations': 1, 'output_dim': 2, 'weight_decay': 0.0}",0.0,0.14652014652014653,0.3666666666666667,0.368,0.4921259842519685,0.16,0.45801526717557245,0.0,0.3386944181646169,0.0,0.23300224827789712,0.1845849395245803,16
19.879989433288575,2.570776667347035,0.16551449298858642,0.17050717081762698,64,0,25,16,1,0.01,1,2,0.01,"{'batch_size': 64, 'dropout': 0, 'epochs': 25, 'hidden_dim': 16, 'input_dim': 1, 'learning_rate': 0.01, 'num_relations': 1, 'output_dim': 2, 'weight_decay': 0.01}",0.0,0.0,0.0,0.0,0.0,0.0,0.16608996539792387,0.0,0.0,0.0,0.016608996539792385,0.049826989619377156,49
22.307923436164856,2.9759849638737657,0.18190767765045165,0.19054140937838884,64,0,25,32,1,0.1,1,2,0.0,"{'batch_size': 64, 'dropout': 0, 'epochs': 25, 'hidden_dim': 32, 'input_dim': 1, 'learning_rate': 0.1, 'num_relations': 1, 'output_dim': 2, 'weight_decay': 0.0}",0.0,0.0,0.34782608695652173,0.0,0.5379939209726444,0.0,0.4479166666666667,0.0,0.2122905027932961,0.0,0.15460271773891288,0.20422953760473397,26
23.641221952438354,3.166560825746553,0.19137959480285643,0.21190184403180373,64,0,25,32,1,0.1,1,2,0.01,"{'batch_size': 64, 'dropout': 0, 'epochs': 25, 'hidden_dim': 32, 'input_dim': 1, 'learning_rate': 0.1, 'num_relations': 1, 'output_dim': 2, 'weight_decay': 0.01}",0.0,0.0,0.0,0.0,0.5462686567164179,0.0,0.0,0.0,0.0,0.0,0.05462686567164179,0.16388059701492538,37
23.093379735946655,2.8540321362946197,0.189351224899292,0.20157815742373036,64,0,25,32,1,0.01,1,2,0.0,"{'batch_size': 64, 'dropout': 0, 'epochs': 25, 'hidden_dim': 32, 'input_dim': 1, 'learning_rate': 0.01, 'num_relations': 1, 'output_dim': 2, 'weight_decay': 0.0}",0.15469613259668508,0.17328519855595667,0.2727272727272727,0.4367816091954023,0.5408000000000001,0.5396825396825397,0.5127020785219399,0.0,0.4376012965964344,0.0,0.30682761278762305,0.20390324983967478,4
25.03513948917389,3.972375267458549,0.1894214391708374,0.1976483226758536,64,0,25,32,1,0.01,1,2,0.01,"{'batch_size': 64, 'dropout': 0, 'epochs': 25, 'hidden_dim': 32, 'input_dim': 1, 'learning_rate': 0.01, 'num_relations': 1, 'output_dim': 2, 'weight_decay': 0.01}",0.0,0.14652014652014653,0.0,0.0,0.24806201550387597,0.0,0.0,0.0,0.0,0.0,0.03945821620240225,0.08211784739834284,40
9.760620427131652,1.4461525505308406,0.17821063995361328,0.1847927831856414,64,0.1,10,16,1,0.1,1,2,0.0,"{'batch_size': 64, 'dropout': 0.1, 'epochs': 10, 'hidden_dim': 16, 'input_dim': 1, 'learning_rate': 0.1, 'num_relations': 1, 'output_dim': 2, 'weight_decay': 0.0}",0.0,0.21201413427561835,0.0,0.0,0.25,0.0,0.0,0.0,0.2782782782782782,0.0,0.07402924125538965,0.11405503394663294,33
9.359828186035156,1.3735869306917572,0.174338960647583,0.17728625550945434,64,0.1,10,16,1,0.1,1,2,0.01,"{'batch_size': 64, 'dropout': 0.1, 'epochs': 10, 'hidden_dim': 16, 'input_dim': 1, 'learning_rate': 0.1, 'num_relations': 1, 'output_dim': 2, 'weight_decay': 0.01}",0.0,0.0,0.0,0.0,0.35665914221218964,0.0,0.0,0.0,0.0,0.0,0.03566591422121897,0.1069977426636569,41
10.173244547843932,1.322830924815707,0.19019720554351807,0.1978861474249695,64,0.1,10,16,1,0.01,1,2,0.0,"{'batch_size': 64, 'dropout': 0.1, 'epochs': 10, 'hidden_dim': 16, 'input_dim': 1, 'learning_rate': 0.01, 'num_relations': 1, 'output_dim': 2, 'weight_decay': 0.0}",0.0,0.14652014652014653,0.2727272727272727,0.1111111111111111,0.4152542372881356,0.32727272727272727,0.524822695035461,0.0,0.4458598726114649,0.0,0.2243568062566319,0.18936938488911156,17
10.097858715057374,1.1153792738483417,0.18849434852600097,0.19187323576818516,64,0.1,10,16,1,0.01,1,2,0.01,"{'batch_size': 64, 'dropout': 0.1, 'epochs': 10, 'hidden_dim': 16, 'input_dim': 1, 'learning_rate': 0.01, 'num_relations': 1, 'output_dim': 2, 'weight_decay': 0.01}",0.0,0.0,0.0,0.0,0.5235772357723577,0.0,0.0,0.0,0.0,0.0,0.05235772357723577,0.1570731707317073,38
11.187246441841125,1.6468997682660045,0.17817296981811523,0.188978343209371,64,0.1,10,32,1,0.1,1,2,0.0,"{'batch_size': 64, 'dropout': 0.1, 'epochs': 10, 'hidden_dim': 32, 'input_dim': 1, 'learning_rate': 0.1, 'num_relations': 1, 'output_dim': 2, 'weight_decay': 0.0}",0.0,0.0,0.0,0.0,0.4152542372881356,0.5846153846153845,0.0,0.0,0.43973941368078173,0.0,0.1439609035584302,0.22368159600768825,29
11.683581662178039,1.4856557376187156,0.18964190483093263,0.1984951546656237,64,0.1,10,32,1,0.1,1,2,0.01,"{'batch_size': 64, 'dropout': 0.1, 'epochs': 10, 'hidden_dim': 32, 'input_dim': 1, 'learning_rate': 0.1, 'num_relations': 1, 'output_dim': 2, 'weight_decay': 0.01}",0.0,0.0,0.0,0.483271375464684,0.0,0.0,0.0,0.4274809160305344,0.5440313111545988,0.0,0.1454783602649817,0.2237457687592206,28
11.673840117454528,1.2576189645433806,0.18932700157165527,0.20061166335926064,64,0.1,10,32,1,0.01,1,2,0.0,"{'batch_size': 64, 'dropout': 0.1, 'epochs': 10, 'hidden_dim': 32, 'input_dim': 1, 'learning_rate': 0.01, 'num_relations': 1, 'output_dim': 2, 'weight_decay': 0.0}",0.38647342995169076,0.14652014652014653,0.0,0.1111111111111111,0.4974446337308347,0.0,0.1605351170568562,0.0,0.4277360066833751,0.0,0.17298204450540142,0.18442571568088642,23
11.662667655944825,1.748559038131417,0.1902463912963867,0.1960481979471823,64,0.1,10,32,1,0.01,1,2,0.01,"{'batch_size': 64, 'dropout': 0.1, 'epochs': 10, 'hidden_dim': 32, 'input_dim': 1, 'learning_rate': 0.01, 'num_relations': 1, 'output_dim': 2, 'weight_decay': 0.01}",0.0,0.0,0.0,0.0,0.4990757855822551,0.0,0.0,0.0,0.0,0.0,0.049907578558225515,0.14972273567467653,39
24.684911060333253,3.1847994220968587,0.2034931182861328,0.21289345218189448,64,0.1,25,16,1,0.1,1,2,0.0,"{'batch_size': 64, 'dropout': 0.1, 'epochs': 25, 'hidden_dim': 16, 'input_dim': 1, 'learning_rate': 0.1, 'num_relations': 1, 'output_dim': 2, 'weight_decay': 0.0}",0.0,0.21201413427561835,0.0,0.26382978723404255,0.0,0.0,0.29179331306990874,0.0,0.0,0.0,0.07676372345795697,0.11864771170385756,32
26.739252734184266,3.446859758991638,0.2477405548095703,0.2903344863407183,64,0.1,25,16,1,0.1,1,2,0.01,"{'batch_size': 64, 'dropout': 0.1, 'epochs': 25, 'hidden_dim': 16, 'input_dim': 1, 'learning_rate': 0.1, 'num_relations': 1, 'output_dim': 2, 'weight_decay': 0.01}",0.0,0.0,0.0,0.0,0.0,0.0,0.0,0.0,0.0,0.0,0.0,0.0,51
26.812201929092407,2.9689391351848675,0.19764962196350097,0.20621359304109788,64,0.1,25,16,1,0.01,1,2,0.0,"{'batch_size': 64, 'dropout': 0.1, 'epochs': 25, 'hidden_dim': 16, 'input_dim': 1, 'learning_rate': 0.01, 'num_relations': 1, 'output_dim': 2, 'weight_decay': 0.0}",0.46753246753246747,0.14652014652014653,0.4933333333333333,0.1111111111111111,0.39655172413793105,0.6486486486486487,0.1727574750830565,0.0,0.4678543764523625,0.0,0.29043092828190575,0.21886255489911868,8
27.893444609642028,5.025721006347112,0.22176704406738282,0.23949962174007483,64,0.1,25,16,1,0.01,1,2,0.01,"{'batch_size': 64, 'dropout': 0.1, 'epochs': 25, 'hidden_dim': 16, 'input_dim': 1, 'learning_rate': 0.01, 'num_relations': 1, 'output_dim': 2, 'weight_decay': 0.01}",0.0,0.0,0.0,0.0,0.35665914221218964,0.0,0.0,0.0,0.3127413127413127,0.0,0.06694004549535024,0.13423977633678436,35
32.29901638031006,3.4454370618264454,0.21206140518188477,0.23864071630536107,64,0.1,25,32,1,0.1,1,2,0.0,"{'batch_size': 64, 'dropout': 0.1, 'epochs': 25, 'hidden_dim': 32, 'input_dim': 1, 'learning_rate': 0.1, 'num_relations': 1, 'output_dim': 2, 'weight_decay': 0.0}",0.431924882629108,0.17328519855595667,0.2727272727272727,0.0,0.3791208791208791,0.6578947368421053,0.5158371040723981,0.0,0.4424489795918367,0.0,0.2873239053539557,0.22446022073256106,9
32.99604740142822,5.037741197972828,0.21043190956115723,0.2342650956186722,64,0.1,25,32,1,0.1,1,2,0.01,"{'batch_size': 64, 'dropout': 0.1, 'epochs': 25, 'hidden_dim': 32, 'input_dim': 1, 'learning_rate': 0.1, 'num_relations': 1, 'output_dim': 2, 'weight_decay': 0.01}",0.0,0.0,0.0,0.0,0.0,0.0,0.0,0.0,0.0,0.0,0.0,0.0,51
32.04358284473419,4.536561913444745,0.20827760696411132,0.2275040840399473,64,0.1,25,32,1,0.01,1,2,0.0,"{'batch_size': 64, 'dropout': 0.1, 'epochs': 25, 'hidden_dim': 32, 'input_dim': 1, 'learning_rate': 0.01, 'num_relations': 1, 'output_dim': 2, 'weight_decay': 0.0}",0.44651162790697674,0.14652014652014653,0.4933333333333333,0.1111111111111111,0.5404624277456648,0.5396825396825397,0.472636815920398,0.0,0.3925399644760213,0.0,0.31427979666961914,0.2120557476119706,3
34.579012060165404,5.56293744810196,0.2123404026031494,0.22288154019448006,64,0.1,25,32,1,0.01,1,2,0.01,"{'batch_size': 64, 'dropout': 0.1, 'epochs': 25, 'hidden_dim': 32, 'input_dim': 1, 'learning_rate': 0.01, 'num_relations': 1, 'output_dim': 2, 'weight_decay': 0.01}",0.0,0.0,0.0,0.0,0.0,0.0,0.0,0.0,0.0,0.0,0.0,0.0,51
